Run_Timestamp,Macro_Version,Run_Mode,Input_Table_Title,Sample_Index,Source_Column_Index,Original_Sample_Name,Unique_Sample_Name,Sanitized_File_Name,Sample_QC_Status,Sample_Processing_Status,Terminal_Analysis_Role,Terminal_Phase_Status,Failure_Reason,Failure_Detail,Warning_Message,QC_Flags,Raw_Timepoint_Count,Processed_Timepoint_Count,Baseline_Correction_Method,Baseline_Correction_Status,Final_Peak_Detection_Performed,Final_Peak_Detection_Status,Final_Peak_Count,Final_Peak_Master_Row_Count,Preliminary_Peak_Table_Path,Baseline_Anchors_Table_Path,Baseline_Diagnostics_Table_Path,Processed_Trace_Table_Path,Baseline_QC_Plot_Path,Final_Peak_Table_Path,Final_Peak_Plot_Path
20260704_125111,v0.1.17,Full Batch,Spiky_Maintenance_Dummy_96well_CalciumFlux_1000tp.csv,1,2,A01,A01,A01,Warning,Phase11_Window_Cleanup_Completed,Final_Peak_Detection,Phase11_Window_Cleanup_Completed,NA,NA,NA,Baseline_Warning Baseline_Correction_Warning Endpoint_Warning Final_Peak_Export_Warning,1000,1000,Polynomial_Anchor_Based,Success,Performed,Success,6,6,C:/Spiky_Output/Public_Dummy_Example\Tables\A01_Phase3_FirstSpiky_PeakAnalysis.csv,C:/Spiky_Output/Public_Dummy_Example\Tables\A01_Phase5_BaselineAnchors.csv,C:/Spiky_Output/Public_Dummy_Example\Tables\A01_Phase6_Baseline_Fit_Diagnostics.csv,C:/Spiky_Output/Public_Dummy_Example\Tables\A01_Phase7_Corrected_Trace.csv,C:/Spiky_Output/Public_Dummy_Example\Plots\A01_Baseline_Reconstruction.png,C:/Spiky_Output/Public_Dummy_Example\Tables\A01_Peak_Analysis_After_Baseline_Correction.csv,C:/Spiky_Output/Public_Dummy_Example\Plots\A01_Final_Peak_Analysis.png
20260704_125111,v0.1.17,Full Batch,Spiky_Maintenance_Dummy_96well_CalciumFlux_1000tp.csv,2,3,A02,A02,A02,Warning,Phase11_Window_Cleanup_Completed,Final_Peak_Detection,Phase11_Window_Cleanup_Completed,NA,NA,NA,Baseline_Warning Baseline_Correction_Warning Endpoint_Warning Final_Peak_Export_Warning,1000,1000,Polynomial_Anchor_Based,Success,Performed,Success,7,7,C:/Spiky_Output/Public_Dummy_Example\Tables\A02_Phase3_FirstSpiky_PeakAnalysis.csv,C:/Spiky_Output/Public_Dummy_Example\Tables\A02_Phase5_BaselineAnchors.csv,C:/Spiky_Output/Public_Dummy_Example\Tables\A02_Phase6_Baseline_Fit_Diagnostics.csv,C:/Spiky_Output/Public_Dummy_Example\Tables\A02_Phase7_Corrected_Trace.csv,C:/Spiky_Output/Public_Dummy_Example\Plots\A02_Baseline_Reconstruction.png,C:/Spiky_Output/Public_Dummy_Example\Tables\A02_Peak_Analysis_After_Baseline_Correction.csv,C:/Spiky_Output/Public_Dummy_Example\Plots\A02_Final_Peak_Analysis.png
20260704_125111,v0.1.17,Full Batch,Spiky_Maintenance_Dummy_96well_CalciumFlux_1000tp.csv,3,4,A03,A03,A03,Warning,Phase11_Window_Cleanup_Completed,Final_Peak_Detection,Phase11_Window_Cleanup_Completed,NA,NA,NA,Baseline_Warning Baseline_Correction_Warning Endpoint_Warning Final_Peak_Export_Warning,1000,1000,Polynomial_Anchor_Based,Success,Performed,Success,8,8,C:/Spiky_Output/Public_Dummy_Example\Tables\A03_Phase3_FirstSpiky_PeakAnalysis.csv,C:/Spiky_Output/Public_Dummy_Example\Tables\A03_Phase5_BaselineAnchors.csv,C:/Spiky_Output/Public_Dummy_Example\Tables\A03_Phase6_Baseline_Fit_Diagnostics.csv,C:/Spiky_Output/Public_Dummy_Example\Tables\A03_Phase7_Corrected_Trace.csv,C:/Spiky_Output/Public_Dummy_Example\Plots\A03_Baseline_Reconstruction.png,C:/Spiky_Output/Public_Dummy_Example\Tables\A03_Peak_Analysis_After_Baseline_Correction.csv,C:/Spiky_Output/Public_Dummy_Example\Plots\A03_Final_Peak_Analysis.png
20260704_125111,v0.1.17,Full Batch,Spiky_Maintenance_Dummy_96well_CalciumFlux_1000tp.csv,4,5,A04,A04,A04,Warning,Phase11_Window_Cleanup_Completed,Final_Peak_Detection,Phase11_Window_Cleanup_Completed,NA,NA,NA,Baseline_Warning Baseline_Correction_Warning Endpoint_Warning Final_Peak_Export_Warning,1000,1000,Polynomial_Anchor_Based,Success,Performed,Success,9,9,C:/Spiky_Output/Public_Dummy_Example\Tables\A04_Phase3_FirstSpiky_PeakAnalysis.csv,C:/Spiky_Output/Public_Dummy_Example\Tables\A04_Phase5_BaselineAnchors.csv,C:/Spiky_Output/Public_Dummy_Example\Tables\A04_Phase6_Baseline_Fit_Diagnostics.csv,C:/Spiky_Output/Public_Dummy_Example\Tables\A04_Phase7_Corrected_Trace.csv,C:/Spiky_Output/Public_Dummy_Example\Plots\A04_Baseline_Reconstruction.png,C:/Spiky_Output/Public_Dummy_Example\Tables\A04_Peak_Analysis_After_Baseline_Correction.csv,C:/Spiky_Output/Public_Dummy_Example\Plots\A04_Final_Peak_Analysis.png
20260704_125111,v0.1.17,Full Batch,Spiky_Maintenance_Dummy_96well_CalciumFlux_1000tp.csv,5,6,A05,A05,A05,Warning,Phase11_Window_Cleanup_Completed,Final_Peak_Detection,Phase11_Window_Cleanup_Completed,NA,NA,NA,Baseline_Warning Baseline_Correction_Warning Endpoint_Warning Final_Peak_Export_Warning,1000,1000,Polynomial_Anchor_Based,Success,Performed,Success,10,10,C:/Spiky_Output/Public_Dummy_Example\Tables\A05_Phase3_FirstSpiky_PeakAnalysis.csv,C:/Spiky_Output/Public_Dummy_Example\Tables\A05_Phase5_BaselineAnchors.csv,C:/Spiky_Output/Public_Dummy_Example\Tables\A05_Phase6_Baseline_Fit_Diagnostics.csv,C:/Spiky_Output/Public_Dummy_Example\Tables\A05_Phase7_Corrected_Trace.csv,C:/Spiky_Output/Public_Dummy_Example\Plots\A05_Baseline_Reconstruction.png,C:/Spiky_Output/Public_Dummy_Example\Tables\A05_Peak_Analysis_After_Baseline_Correction.csv,C:/Spiky_Output/Public_Dummy_Example\Plots\A05_Final_Peak_Analysis.png
20260704_125111,v0.1.17,Full Batch,Spiky_Maintenance_Dummy_96well_CalciumFlux_1000tp.csv,6,7,A06,A06,A06,Warning,Phase11_Window_Cleanup_Completed,Final_Peak_Detection,Phase11_Window_Cleanup_Completed,NA,NA,NA,Baseline_Warning Baseline_Correction_Warning Endpoint_Warning Final_Peak_Export_Warning,1000,1000,Polynomial_Anchor_Based,Success,Performed,Success,11,11,C:/Spiky_Output/Public_Dummy_Example\Tables\A06_Phase3_FirstSpiky_PeakAnalysis.csv,C:/Spiky_Output/Public_Dummy_Example\Tables\A06_Phase5_BaselineAnchors.csv,C:/Spiky_Output/Public_Dummy_Example\Tables\A06_Phase6_Baseline_Fit_Diagnostics.csv,C:/Spiky_Output/Public_Dummy_Example\Tables\A06_Phase7_Corrected_Trace.csv,C:/Spiky_Output/Public_Dummy_Example\Plots\A06_Baseline_Reconstruction.png,C:/Spiky_Output/Public_Dummy_Example\Tables\A06_Peak_Analysis_After_Baseline_Correction.csv,C:/Spiky_Output/Public_Dummy_Example\Plots\A06_Final_Peak_Analysis.png
20260704_125111,v0.1.17,Full Batch,Spiky_Maintenance_Dummy_96well_CalciumFlux_1000tp.csv,7,8,A07,A07,A07,Warning,Phase11_Window_Cleanup_Completed,Final_Peak_Detection,Phase11_Window_Cleanup_Completed,NA,NA,NA,Baseline_Warning Baseline_Correction_Warning Endpoint_Warning Final_Peak_Export_Warning,1000,1000,Polynomial_Anchor_Based,Success,Performed,Success,12,12,C:/Spiky_Output/Public_Dummy_Example\Tables\A07_Phase3_FirstSpiky_PeakAnalysis.csv,C:/Spiky_Output/Public_Dummy_Example\Tables\A07_Phase5_BaselineAnchors.csv,C:/Spiky_Output/Public_Dummy_Example\Tables\A07_Phase6_Baseline_Fit_Diagnostics.csv,C:/Spiky_Output/Public_Dummy_Example\Tables\A07_Phase7_Corrected_Trace.csv,C:/Spiky_Output/Public_Dummy_Example\Plots\A07_Baseline_Reconstruction.png,C:/Spiky_Output/Public_Dummy_Example\Tables\A07_Peak_Analysis_After_Baseline_Correction.csv,C:/Spiky_Output/Public_Dummy_Example\Plots\A07_Final_Peak_Analysis.png
20260704_125111,v0.1.17,Full Batch,Spiky_Maintenance_Dummy_96well_CalciumFlux_1000tp.csv,8,9,A08,A08,A08,Warning,Phase11_Window_Cleanup_Completed,Final_Peak_Detection,Phase11_Window_Cleanup_Completed,NA,NA,NA,Baseline_Warning Baseline_Correction_Warning Endpoint_Warning Final_Peak_Export_Warning,1000,1000,Polynomial_Anchor_Based,Success,Performed,Success,13,13,C:/Spiky_Output/Public_Dummy_Example\Tables\A08_Phase3_FirstSpiky_PeakAnalysis.csv,C:/Spiky_Output/Public_Dummy_Example\Tables\A08_Phase5_BaselineAnchors.csv,C:/Spiky_Output/Public_Dummy_Example\Tables\A08_Phase6_Baseline_Fit_Diagnostics.csv,C:/Spiky_Output/Public_Dummy_Example\Tables\A08_Phase7_Corrected_Trace.csv,C:/Spiky_Output/Public_Dummy_Example\Plots\A08_Baseline_Reconstruction.png,C:/Spiky_Output/Public_Dummy_Example\Tables\A08_Peak_Analysis_After_Baseline_Correction.csv,C:/Spiky_Output/Public_Dummy_Example\Plots\A08_Final_Peak_Analysis.png
20260704_125111,v0.1.17,Full Batch,Spiky_Maintenance_Dummy_96well_CalciumFlux_1000tp.csv,9,10,A09,A09,A09,Warning,Phase11_Window_Cleanup_Completed,Final_Peak_Detection,Phase11_Window_Cleanup_Completed,NA,NA,NA,Baseline_Warning Baseline_Correction_Warning Endpoint_Warning Final_Peak_Export_Warning,1000,1000,Polynomial_Anchor_Based,Success,Performed,Success,14,14,C:/Spiky_Output/Public_Dummy_Example\Tables\A09_Phase3_FirstSpiky_PeakAnalysis.csv,C:/Spiky_Output/Public_Dummy_Example\Tables\A09_Phase5_BaselineAnchors.csv,C:/Spiky_Output/Public_Dummy_Example\Tables\A09_Phase6_Baseline_Fit_Diagnostics.csv,C:/Spiky_Output/Public_Dummy_Example\Tables\A09_Phase7_Corrected_Trace.csv,C:/Spiky_Output/Public_Dummy_Example\Plots\A09_Baseline_Reconstruction.png,C:/Spiky_Output/Public_Dummy_Example\Tables\A09_Peak_Analysis_After_Baseline_Correction.csv,C:/Spiky_Output/Public_Dummy_Example\Plots\A09_Final_Peak_Analysis.png
20260704_125111,v0.1.17,Full Batch,Spiky_Maintenance_Dummy_96well_CalciumFlux_1000tp.csv,10,11,A10,A10,A10,Failed,Failed,Baseline_Anchor_Detection,Phase5_Baseline_Anchor_Validation_Failed,Baseline_Anchor_Detection,Anchor 16 was not close enough to the local baseline/minimum region.,NA,NA,1000,NA,Polynomial_Anchor_Based,Failed,Not_Started,Not_Started,NA,0,C:/Spiky_Output/Public_Dummy_Example\Tables\A10_Phase3_FirstSpiky_PeakAnalysis.csv,NA,NA,NA,NA,NA,NA
20260704_125111,v0.1.17,Full Batch,Spiky_Maintenance_Dummy_96well_CalciumFlux_1000tp.csv,11,12,A11,A11,A11,Failed,Failed,Baseline_Anchor_Detection,Phase5_Baseline_Anchor_Validation_Failed,Baseline_Anchor_Detection,Anchor 11 was not close enough to the local baseline/minimum region.,NA,NA,1000,NA,Polynomial_Anchor_Based,Failed,Not_Started,Not_Started,NA,0,C:/Spiky_Output/Public_Dummy_Example\Tables\A11_Phase3_FirstSpiky_PeakAnalysis.csv,NA,NA,NA,NA,NA,NA
20260704_125111,v0.1.17,Full Batch,Spiky_Maintenance_Dummy_96well_CalciumFlux_1000tp.csv,12,13,A12,A12,A12,Warning,Phase11_Window_Cleanup_Completed,Final_Peak_Detection,Phase11_Window_Cleanup_Completed,NA,NA,NA,Baseline_Warning Baseline_Correction_Warning Endpoint_Warning Final_Peak_Export_Warning,1000,1000,Polynomial_Anchor_Based,Success,Performed,Success,11,11,C:/Spiky_Output/Public_Dummy_Example\Tables\A12_Phase3_FirstSpiky_PeakAnalysis.csv,C:/Spiky_Output/Public_Dummy_Example\Tables\A12_Phase5_BaselineAnchors.csv,C:/Spiky_Output/Public_Dummy_Example\Tables\A12_Phase6_Baseline_Fit_Diagnostics.csv,C:/Spiky_Output/Public_Dummy_Example\Tables\A12_Phase7_Corrected_Trace.csv,C:/Spiky_Output/Public_Dummy_Example\Plots\A12_Baseline_Reconstruction.png,C:/Spiky_Output/Public_Dummy_Example\Tables\A12_Peak_Analysis_After_Baseline_Correction.csv,C:/Spiky_Output/Public_Dummy_Example\Plots\A12_Final_Peak_Analysis.png
20260704_125111,v0.1.17,Full Batch,Spiky_Maintenance_Dummy_96well_CalciumFlux_1000tp.csv,13,14,B01,B01,B01,Warning,Phase11_Window_Cleanup_Completed,Final_Peak_Detection,Phase11_Window_Cleanup_Completed,NA,NA,NA,Baseline_Warning Baseline_Correction_Warning Endpoint_Warning Final_Peak_Export_Warning,1000,1000,Polynomial_Anchor_Based,Success,Performed,Success,5,5,C:/Spiky_Output/Public_Dummy_Example\Tables\B01_Phase3_FirstSpiky_PeakAnalysis.csv,C:/Spiky_Output/Public_Dummy_Example\Tables\B01_Phase5_BaselineAnchors.csv,C:/Spiky_Output/Public_Dummy_Example\Tables\B01_Phase6_Baseline_Fit_Diagnostics.csv,C:/Spiky_Output/Public_Dummy_Example\Tables\B01_Phase7_Corrected_Trace.csv,C:/Spiky_Output/Public_Dummy_Example\Plots\B01_Baseline_Reconstruction.png,C:/Spiky_Output/Public_Dummy_Example\Tables\B01_Peak_Analysis_After_Baseline_Correction.csv,C:/Spiky_Output/Public_Dummy_Example\Plots\B01_Final_Peak_Analysis.png
20260704_125111,v0.1.17,Full Batch,Spiky_Maintenance_Dummy_96well_CalciumFlux_1000tp.csv,14,15,B02,B02,B02,Warning,Phase11_Window_Cleanup_Completed,Final_Peak_Detection,Phase11_Window_Cleanup_Completed,NA,NA,NA,Baseline_Warning Baseline_Correction_Warning Endpoint_Warning Final_Peak_Export_Warning,1000,1000,Polynomial_Anchor_Based,Success,Performed,Success,17,17,C:/Spiky_Output/Public_Dummy_Example\Tables\B02_Phase3_FirstSpiky_PeakAnalysis.csv,C:/Spiky_Output/Public_Dummy_Example\Tables\B02_Phase5_BaselineAnchors.csv,C:/Spiky_Output/Public_Dummy_Example\Tables\B02_Phase6_Baseline_Fit_Diagnostics.csv,C:/Spiky_Output/Public_Dummy_Example\Tables\B02_Phase7_Corrected_Trace.csv,C:/Spiky_Output/Public_Dummy_Example\Plots\B02_Baseline_Reconstruction.png,C:/Spiky_Output/Public_Dummy_Example\Tables\B02_Peak_Analysis_After_Baseline_Correction.csv,C:/Spiky_Output/Public_Dummy_Example\Plots\B02_Final_Peak_Analysis.png
20260704_125111,v0.1.17,Full Batch,Spiky_Maintenance_Dummy_96well_CalciumFlux_1000tp.csv,15,16,B03,B03,B03,Warning,Phase11_Window_Cleanup_Completed,Final_Peak_Detection,Phase11_Window_Cleanup_Completed,NA,NA,NA,Baseline_Warning Baseline_Correction_Warning Endpoint_Warning Final_Peak_Export_Warning,1000,1000,Polynomial_Anchor_Based,Success,Performed,Success,9,9,C:/Spiky_Output/Public_Dummy_Example\Tables\B03_Phase3_FirstSpiky_PeakAnalysis.csv,C:/Spiky_Output/Public_Dummy_Example\Tables\B03_Phase5_BaselineAnchors.csv,C:/Spiky_Output/Public_Dummy_Example\Tables\B03_Phase6_Baseline_Fit_Diagnostics.csv,C:/Spiky_Output/Public_Dummy_Example\Tables\B03_Phase7_Corrected_Trace.csv,C:/Spiky_Output/Public_Dummy_Example\Plots\B03_Baseline_Reconstruction.png,C:/Spiky_Output/Public_Dummy_Example\Tables\B03_Peak_Analysis_After_Baseline_Correction.csv,C:/Spiky_Output/Public_Dummy_Example\Plots\B03_Final_Peak_Analysis.png
20260704_125111,v0.1.17,Full Batch,Spiky_Maintenance_Dummy_96well_CalciumFlux_1000tp.csv,16,17,B04,B04,B04,Warning,Phase11_Window_Cleanup_Completed,Final_Peak_Detection,Phase11_Window_Cleanup_Completed,NA,NA,NA,Baseline_Warning Baseline_Correction_Warning Endpoint_Warning Final_Peak_Export_Warning,1000,1000,Polynomial_Anchor_Based,Success,Performed,Success,10,10,C:/Spiky_Output/Public_Dummy_Example\Tables\B04_Phase3_FirstSpiky_PeakAnalysis.csv,C:/Spiky_Output/Public_Dummy_Example\Tables\B04_Phase5_BaselineAnchors.csv,C:/Spiky_Output/Public_Dummy_Example\Tables\B04_Phase6_Baseline_Fit_Diagnostics.csv,C:/Spiky_Output/Public_Dummy_Example\Tables\B04_Phase7_Corrected_Trace.csv,C:/Spiky_Output/Public_Dummy_Example\Plots\B04_Baseline_Reconstruction.png,C:/Spiky_Output/Public_Dummy_Example\Tables\B04_Peak_Analysis_After_Baseline_Correction.csv,C:/Spiky_Output/Public_Dummy_Example\Plots\B04_Final_Peak_Analysis.png
20260704_125111,v0.1.17,Full Batch,Spiky_Maintenance_Dummy_96well_CalciumFlux_1000tp.csv,17,18,B05,B05,B05,Warning,Phase11_Window_Cleanup_Completed,Final_Peak_Detection,Phase11_Window_Cleanup_Completed,NA,NA,NA,Baseline_Warning Baseline_Correction_Warning Endpoint_Warning Final_Peak_Export_Warning,1000,1000,Polynomial_Anchor_Based,Success,Performed,Success,11,11,C:/Spiky_Output/Public_Dummy_Example\Tables\B05_Phase3_FirstSpiky_PeakAnalysis.csv,C:/Spiky_Output/Public_Dummy_Example\Tables\B05_Phase5_BaselineAnchors.csv,C:/Spiky_Output/Public_Dummy_Example\Tables\B05_Phase6_Baseline_Fit_Diagnostics.csv,C:/Spiky_Output/Public_Dummy_Example\Tables\B05_Phase7_Corrected_Trace.csv,C:/Spiky_Output/Public_Dummy_Example\Plots\B05_Baseline_Reconstruction.png,C:/Spiky_Output/Public_Dummy_Example\Tables\B05_Peak_Analysis_After_Baseline_Correction.csv,C:/Spiky_Output/Public_Dummy_Example\Plots\B05_Final_Peak_Analysis.png
20260704_125111,v0.1.17,Full Batch,Spiky_Maintenance_Dummy_96well_CalciumFlux_1000tp.csv,18,19,B06,B06,B06,Warning,Phase11_Window_Cleanup_Completed,Final_Peak_Detection,Phase11_Window_Cleanup_Completed,NA,NA,NA,Baseline_Warning Baseline_Correction_Warning Endpoint_Warning Final_Peak_Export_Warning,1000,1000,Polynomial_Anchor_Based,Success,Performed,Success,9,9,C:/Spiky_Output/Public_Dummy_Example\Tables\B06_Phase3_FirstSpiky_PeakAnalysis.csv,C:/Spiky_Output/Public_Dummy_Example\Tables\B06_Phase5_BaselineAnchors.csv,C:/Spiky_Output/Public_Dummy_Example\Tables\B06_Phase6_Baseline_Fit_Diagnostics.csv,C:/Spiky_Output/Public_Dummy_Example\Tables\B06_Phase7_Corrected_Trace.csv,C:/Spiky_Output/Public_Dummy_Example\Plots\B06_Baseline_Reconstruction.png,C:/Spiky_Output/Public_Dummy_Example\Tables\B06_Peak_Analysis_After_Baseline_Correction.csv,C:/Spiky_Output/Public_Dummy_Example\Plots\B06_Final_Peak_Analysis.png
20260704_125111,v0.1.17,Full Batch,Spiky_Maintenance_Dummy_96well_CalciumFlux_1000tp.csv,19,20,B07,B07,B07,Warning,Phase11_Window_Cleanup_Completed,Final_Peak_Detection,Phase11_Window_Cleanup_Completed,NA,NA,NA,Baseline_Warning Baseline_Correction_Warning Endpoint_Warning Final_Peak_Export_Warning,1000,1000,Polynomial_Anchor_Based,Success,Performed,Success,10,10,C:/Spiky_Output/Public_Dummy_Example\Tables\B07_Phase3_FirstSpiky_PeakAnalysis.csv,C:/Spiky_Output/Public_Dummy_Example\Tables\B07_Phase5_BaselineAnchors.csv,C:/Spiky_Output/Public_Dummy_Example\Tables\B07_Phase6_Baseline_Fit_Diagnostics.csv,C:/Spiky_Output/Public_Dummy_Example\Tables\B07_Phase7_Corrected_Trace.csv,C:/Spiky_Output/Public_Dummy_Example\Plots\B07_Baseline_Reconstruction.png,C:/Spiky_Output/Public_Dummy_Example\Tables\B07_Peak_Analysis_After_Baseline_Correction.csv,C:/Spiky_Output/Public_Dummy_Example\Plots\B07_Final_Peak_Analysis.png
20260704_125111,v0.1.17,Full Batch,Spiky_Maintenance_Dummy_96well_CalciumFlux_1000tp.csv,20,21,B08,B08,B08,Warning,Phase11_Window_Cleanup_Completed,Final_Peak_Detection,Phase11_Window_Cleanup_Completed,NA,NA,NA,Baseline_Warning Baseline_Correction_Warning Endpoint_Warning Final_Peak_Export_Warning,1000,1000,Polynomial_Anchor_Based,Success,Performed,Success,8,8,C:/Spiky_Output/Public_Dummy_Example\Tables\B08_Phase3_FirstSpiky_PeakAnalysis.csv,C:/Spiky_Output/Public_Dummy_Example\Tables\B08_Phase5_BaselineAnchors.csv,C:/Spiky_Output/Public_Dummy_Example\Tables\B08_Phase6_Baseline_Fit_Diagnostics.csv,C:/Spiky_Output/Public_Dummy_Example\Tables\B08_Phase7_Corrected_Trace.csv,C:/Spiky_Output/Public_Dummy_Example\Plots\B08_Baseline_Reconstruction.png,C:/Spiky_Output/Public_Dummy_Example\Tables\B08_Peak_Analysis_After_Baseline_Correction.csv,C:/Spiky_Output/Public_Dummy_Example\Plots\B08_Final_Peak_Analysis.png
20260704_125111,v0.1.17,Full Batch,Spiky_Maintenance_Dummy_96well_CalciumFlux_1000tp.csv,21,22,B09,B09,B09,Warning,Phase11_Window_Cleanup_Completed,Final_Peak_Detection,Phase11_Window_Cleanup_Completed,NA,NA,NA,Baseline_Warning Baseline_Correction_Warning Endpoint_Warning Final_Peak_Export_Warning,1000,1000,Polynomial_Anchor_Based,Success,Performed,Success,13,13,C:/Spiky_Output/Public_Dummy_Example\Tables\B09_Phase3_FirstSpiky_PeakAnalysis.csv,C:/Spiky_Output/Public_Dummy_Example\Tables\B09_Phase5_BaselineAnchors.csv,C:/Spiky_Output/Public_Dummy_Example\Tables\B09_Phase6_Baseline_Fit_Diagnostics.csv,C:/Spiky_Output/Public_Dummy_Example\Tables\B09_Phase7_Corrected_Trace.csv,C:/Spiky_Output/Public_Dummy_Example\Plots\B09_Baseline_Reconstruction.png,C:/Spiky_Output/Public_Dummy_Example\Tables\B09_Peak_Analysis_After_Baseline_Correction.csv,C:/Spiky_Output/Public_Dummy_Example\Plots\B09_Final_Peak_Analysis.png
20260704_125111,v0.1.17,Full Batch,Spiky_Maintenance_Dummy_96well_CalciumFlux_1000tp.csv,22,23,B10,B10,B10,Warning,Phase11_Window_Cleanup_Completed,Final_Peak_Detection,Phase11_Window_Cleanup_Completed,NA,NA,NA,Baseline_Warning Baseline_Correction_Warning Endpoint_Warning Final_Peak_Export_Warning,1000,1000,Polynomial_Anchor_Based,Success,Performed,Success,14,14,C:/Spiky_Output/Public_Dummy_Example\Tables\B10_Phase3_FirstSpiky_PeakAnalysis.csv,C:/Spiky_Output/Public_Dummy_Example\Tables\B10_Phase5_BaselineAnchors.csv,C:/Spiky_Output/Public_Dummy_Example\Tables\B10_Phase6_Baseline_Fit_Diagnostics.csv,C:/Spiky_Output/Public_Dummy_Example\Tables\B10_Phase7_Corrected_Trace.csv,C:/Spiky_Output/Public_Dummy_Example\Plots\B10_Baseline_Reconstruction.png,C:/Spiky_Output/Public_Dummy_Example\Tables\B10_Peak_Analysis_After_Baseline_Correction.csv,C:/Spiky_Output/Public_Dummy_Example\Plots\B10_Final_Peak_Analysis.png
20260704_125111,v0.1.17,Full Batch,Spiky_Maintenance_Dummy_96well_CalciumFlux_1000tp.csv,23,24,B11,B11,B11,Warning,Phase11_Window_Cleanup_Completed,Final_Peak_Detection,Phase11_Window_Cleanup_Completed,NA,NA,NA,Baseline_Warning Baseline_Correction_Warning Endpoint_Warning Final_Peak_Export_Warning,1000,1000,Polynomial_Anchor_Based,Success,Performed,Success,7,7,C:/Spiky_Output/Public_Dummy_Example\Tables\B11_Phase3_FirstSpiky_PeakAnalysis.csv,C:/Spiky_Output/Public_Dummy_Example\Tables\B11_Phase5_BaselineAnchors.csv,C:/Spiky_Output/Public_Dummy_Example\Tables\B11_Phase6_Baseline_Fit_Diagnostics.csv,C:/Spiky_Output/Public_Dummy_Example\Tables\B11_Phase7_Corrected_Trace.csv,C:/Spiky_Output/Public_Dummy_Example\Plots\B11_Baseline_Reconstruction.png,C:/Spiky_Output/Public_Dummy_Example\Tables\B11_Peak_Analysis_After_Baseline_Correction.csv,C:/Spiky_Output/Public_Dummy_Example\Plots\B11_Final_Peak_Analysis.png
20260704_125111,v0.1.17,Full Batch,Spiky_Maintenance_Dummy_96well_CalciumFlux_1000tp.csv,24,25,B12,B12,B12,Warning,Phase11_Window_Cleanup_Completed,Final_Peak_Detection,Phase11_Window_Cleanup_Completed,NA,NA,NA,Baseline_Warning Baseline_Correction_Warning Endpoint_Warning Final_Peak_Export_Warning,1000,1000,Polynomial_Anchor_Based,Success,Performed,Success,12,12,C:/Spiky_Output/Public_Dummy_Example\Tables\B12_Phase3_FirstSpiky_PeakAnalysis.csv,C:/Spiky_Output/Public_Dummy_Example\Tables\B12_Phase5_BaselineAnchors.csv,C:/Spiky_Output/Public_Dummy_Example\Tables\B12_Phase6_Baseline_Fit_Diagnostics.csv,C:/Spiky_Output/Public_Dummy_Example\Tables\B12_Phase7_Corrected_Trace.csv,C:/Spiky_Output/Public_Dummy_Example\Plots\B12_Baseline_Reconstruction.png,C:/Spiky_Output/Public_Dummy_Example\Tables\B12_Peak_Analysis_After_Baseline_Correction.csv,C:/Spiky_Output/Public_Dummy_Example\Plots\B12_Final_Peak_Analysis.png
20260704_125111,v0.1.17,Full Batch,Spiky_Maintenance_Dummy_96well_CalciumFlux_1000tp.csv,25,26,C01,C01,C01,Warning,Phase11_Window_Cleanup_Completed,Final_Peak_Detection,Phase11_Window_Cleanup_Completed,NA,NA,NA,Baseline_Warning Baseline_Correction_Warning Endpoint_Warning Final_Peak_Export_Warning,1000,1000,Polynomial_Anchor_Based,Success,Performed,Success,9,9,C:/Spiky_Output/Public_Dummy_Example\Tables\C01_Phase3_FirstSpiky_PeakAnalysis.csv,C:/Spiky_Output/Public_Dummy_Example\Tables\C01_Phase5_BaselineAnchors.csv,C:/Spiky_Output/Public_Dummy_Example\Tables\C01_Phase6_Baseline_Fit_Diagnostics.csv,C:/Spiky_Output/Public_Dummy_Example\Tables\C01_Phase7_Corrected_Trace.csv,C:/Spiky_Output/Public_Dummy_Example\Plots\C01_Baseline_Reconstruction.png,C:/Spiky_Output/Public_Dummy_Example\Tables\C01_Peak_Analysis_After_Baseline_Correction.csv,C:/Spiky_Output/Public_Dummy_Example\Plots\C01_Final_Peak_Analysis.png
20260704_125111,v0.1.17,Full Batch,Spiky_Maintenance_Dummy_96well_CalciumFlux_1000tp.csv,26,27,C02,C02,C02,Warning,Phase11_Window_Cleanup_Completed,Final_Peak_Detection,Phase11_Window_Cleanup_Completed,NA,NA,NA,Baseline_Warning Baseline_Correction_Warning Endpoint_Warning Final_Peak_Export_Warning,1000,1000,Polynomial_Anchor_Based,Success,Performed,Success,9,9,C:/Spiky_Output/Public_Dummy_Example\Tables\C02_Phase3_FirstSpiky_PeakAnalysis.csv,C:/Spiky_Output/Public_Dummy_Example\Tables\C02_Phase5_BaselineAnchors.csv,C:/Spiky_Output/Public_Dummy_Example\Tables\C02_Phase6_Baseline_Fit_Diagnostics.csv,C:/Spiky_Output/Public_Dummy_Example\Tables\C02_Phase7_Corrected_Trace.csv,C:/Spiky_Output/Public_Dummy_Example\Plots\C02_Baseline_Reconstruction.png,C:/Spiky_Output/Public_Dummy_Example\Tables\C02_Peak_Analysis_After_Baseline_Correction.csv,C:/Spiky_Output/Public_Dummy_Example\Plots\C02_Final_Peak_Analysis.png
20260704_125111,v0.1.17,Full Batch,Spiky_Maintenance_Dummy_96well_CalciumFlux_1000tp.csv,27,28,C03,C03,C03,Warning,Phase11_Window_Cleanup_Completed,Final_Peak_Detection,Phase11_Window_Cleanup_Completed,NA,NA,NA,Baseline_Warning Baseline_Correction_Warning Endpoint_Warning Final_Peak_Export_Warning,1000,1000,Polynomial_Anchor_Based,Success,Performed,Success,11,11,C:/Spiky_Output/Public_Dummy_Example\Tables\C03_Phase3_FirstSpiky_PeakAnalysis.csv,C:/Spiky_Output/Public_Dummy_Example\Tables\C03_Phase5_BaselineAnchors.csv,C:/Spiky_Output/Public_Dummy_Example\Tables\C03_Phase6_Baseline_Fit_Diagnostics.csv,C:/Spiky_Output/Public_Dummy_Example\Tables\C03_Phase7_Corrected_Trace.csv,C:/Spiky_Output/Public_Dummy_Example\Plots\C03_Baseline_Reconstruction.png,C:/Spiky_Output/Public_Dummy_Example\Tables\C03_Peak_Analysis_After_Baseline_Correction.csv,C:/Spiky_Output/Public_Dummy_Example\Plots\C03_Final_Peak_Analysis.png
20260704_125111,v0.1.17,Full Batch,Spiky_Maintenance_Dummy_96well_CalciumFlux_1000tp.csv,28,29,C04,C04,C04,Failed,Failed,Baseline_Correction,Phase6_Polynomial_Baseline_Fit_Failed,Baseline_Correction,Phase 6 maximum absolute anchor percent residual 10.430694818% exceeded failure threshold 10%.,NA,Baseline_Correction_Warning,1000,NA,Polynomial_Anchor_Based,Failed,Not_Started,Not_Started,NA,0,C:/Spiky_Output/Public_Dummy_Example\Tables\C04_Phase3_FirstSpiky_PeakAnalysis.csv,C:/Spiky_Output/Public_Dummy_Example\Tables\C04_Phase5_BaselineAnchors.csv,C:/Spiky_Output/Public_Dummy_Example\Tables\C04_Phase6_Baseline_Fit_Diagnostics.csv,NA,NA,NA,NA
20260704_125111,v0.1.17,Full Batch,Spiky_Maintenance_Dummy_96well_CalciumFlux_1000tp.csv,29,30,C05,C05,C05,Warning,Phase11_Window_Cleanup_Completed,Final_Peak_Detection,Phase11_Window_Cleanup_Completed,NA,NA,NA,Baseline_Warning Baseline_Correction_Warning Endpoint_Warning Final_Peak_Export_Warning,1000,1000,Polynomial_Anchor_Based,Success,Performed,Success,7,7,C:/Spiky_Output/Public_Dummy_Example\Tables\C05_Phase3_FirstSpiky_PeakAnalysis.csv,C:/Spiky_Output/Public_Dummy_Example\Tables\C05_Phase5_BaselineAnchors.csv,C:/Spiky_Output/Public_Dummy_Example\Tables\C05_Phase6_Baseline_Fit_Diagnostics.csv,C:/Spiky_Output/Public_Dummy_Example\Tables\C05_Phase7_Corrected_Trace.csv,C:/Spiky_Output/Public_Dummy_Example\Plots\C05_Baseline_Reconstruction.png,C:/Spiky_Output/Public_Dummy_Example\Tables\C05_Peak_Analysis_After_Baseline_Correction.csv,C:/Spiky_Output/Public_Dummy_Example\Plots\C05_Final_Peak_Analysis.png
20260704_125111,v0.1.17,Full Batch,Spiky_Maintenance_Dummy_96well_CalciumFlux_1000tp.csv,30,31,C06,C06,C06,Warning,Phase11_Window_Cleanup_Completed,Final_Peak_Detection,Phase11_Window_Cleanup_Completed,NA,NA,NA,Baseline_Warning Baseline_Correction_Warning Endpoint_Warning Final_Peak_Export_Warning,1000,1000,Polynomial_Anchor_Based,Success,Performed,Success,15,15,C:/Spiky_Output/Public_Dummy_Example\Tables\C06_Phase3_FirstSpiky_PeakAnalysis.csv,C:/Spiky_Output/Public_Dummy_Example\Tables\C06_Phase5_BaselineAnchors.csv,C:/Spiky_Output/Public_Dummy_Example\Tables\C06_Phase6_Baseline_Fit_Diagnostics.csv,C:/Spiky_Output/Public_Dummy_Example\Tables\C06_Phase7_Corrected_Trace.csv,C:/Spiky_Output/Public_Dummy_Example\Plots\C06_Baseline_Reconstruction.png,C:/Spiky_Output/Public_Dummy_Example\Tables\C06_Peak_Analysis_After_Baseline_Correction.csv,C:/Spiky_Output/Public_Dummy_Example\Plots\C06_Final_Peak_Analysis.png
20260704_125111,v0.1.17,Full Batch,Spiky_Maintenance_Dummy_96well_CalciumFlux_1000tp.csv,31,32,C07,C07,C07,Warning,Phase11_Window_Cleanup_Completed,Final_Peak_Detection,Phase11_Window_Cleanup_Completed,NA,NA,NA,Baseline_Warning Baseline_Correction_Warning Endpoint_Warning Final_Peak_Export_Warning,1000,1000,Polynomial_Anchor_Based,Success,Performed,Success,6,6,C:/Spiky_Output/Public_Dummy_Example\Tables\C07_Phase3_FirstSpiky_PeakAnalysis.csv,C:/Spiky_Output/Public_Dummy_Example\Tables\C07_Phase5_BaselineAnchors.csv,C:/Spiky_Output/Public_Dummy_Example\Tables\C07_Phase6_Baseline_Fit_Diagnostics.csv,C:/Spiky_Output/Public_Dummy_Example\Tables\C07_Phase7_Corrected_Trace.csv,C:/Spiky_Output/Public_Dummy_Example\Plots\C07_Baseline_Reconstruction.png,C:/Spiky_Output/Public_Dummy_Example\Tables\C07_Peak_Analysis_After_Baseline_Correction.csv,C:/Spiky_Output/Public_Dummy_Example\Plots\C07_Final_Peak_Analysis.png
20260704_125111,v0.1.17,Full Batch,Spiky_Maintenance_Dummy_96well_CalciumFlux_1000tp.csv,32,33,C08,C08,C08,Failed,Failed,Baseline_Anchor_Detection,Phase5_Baseline_Anchor_Validation_Failed,Baseline_Anchor_Detection,Anchor 9 was not close enough to the local baseline/minimum region.,NA,NA,1000,NA,Polynomial_Anchor_Based,Failed,Not_Started,Not_Started,NA,0,C:/Spiky_Output/Public_Dummy_Example\Tables\C08_Phase3_FirstSpiky_PeakAnalysis.csv,NA,NA,NA,NA,NA,NA
20260704_125111,v0.1.17,Full Batch,Spiky_Maintenance_Dummy_96well_CalciumFlux_1000tp.csv,33,34,C09,C09,C09,Failed,Failed,Baseline_Anchor_Detection,Phase5_Baseline_Anchor_Validation_Failed,Baseline_Anchor_Detection,Anchor 4 was not close enough to the local baseline/minimum region.,NA,NA,1000,NA,Polynomial_Anchor_Based,Failed,Not_Started,Not_Started,NA,0,C:/Spiky_Output/Public_Dummy_Example\Tables\C09_Phase3_FirstSpiky_PeakAnalysis.csv,NA,NA,NA,NA,NA,NA
20260704_125111,v0.1.17,Full Batch,Spiky_Maintenance_Dummy_96well_CalciumFlux_1000tp.csv,34,35,C10,C10,C10,Failed,Failed,Baseline_Anchor_Detection,Phase5_Baseline_Anchor_Validation_Failed,Baseline_Anchor_Detection,Anchor 10 was not close enough to the local baseline/minimum region.,NA,NA,1000,NA,Polynomial_Anchor_Based,Failed,Not_Started,Not_Started,NA,0,C:/Spiky_Output/Public_Dummy_Example\Tables\C10_Phase3_FirstSpiky_PeakAnalysis.csv,NA,NA,NA,NA,NA,NA
20260704_125111,v0.1.17,Full Batch,Spiky_Maintenance_Dummy_96well_CalciumFlux_1000tp.csv,35,36,C11,C11,C11,Warning,Phase11_Window_Cleanup_Completed,Final_Peak_Detection,Phase11_Window_Cleanup_Completed,NA,NA,NA,Baseline_Warning Baseline_Correction_Warning Endpoint_Warning Final_Peak_Export_Warning,1000,1000,Polynomial_Anchor_Based,Success,Performed,Success,11,11,C:/Spiky_Output/Public_Dummy_Example\Tables\C11_Phase3_FirstSpiky_PeakAnalysis.csv,C:/Spiky_Output/Public_Dummy_Example\Tables\C11_Phase5_BaselineAnchors.csv,C:/Spiky_Output/Public_Dummy_Example\Tables\C11_Phase6_Baseline_Fit_Diagnostics.csv,C:/Spiky_Output/Public_Dummy_Example\Tables\C11_Phase7_Corrected_Trace.csv,C:/Spiky_Output/Public_Dummy_Example\Plots\C11_Baseline_Reconstruction.png,C:/Spiky_Output/Public_Dummy_Example\Tables\C11_Peak_Analysis_After_Baseline_Correction.csv,C:/Spiky_Output/Public_Dummy_Example\Plots\C11_Final_Peak_Analysis.png
20260704_125111,v0.1.17,Full Batch,Spiky_Maintenance_Dummy_96well_CalciumFlux_1000tp.csv,36,37,C12,C12,C12,Failed,Failed,Baseline_Anchor_Detection,Phase5_Baseline_Anchor_Validation_Failed,Baseline_Anchor_Detection,Anchor 7 was not close enough to the local baseline/minimum region.,NA,NA,1000,NA,Polynomial_Anchor_Based,Failed,Not_Started,Not_Started,NA,0,C:/Spiky_Output/Public_Dummy_Example\Tables\C12_Phase3_FirstSpiky_PeakAnalysis.csv,NA,NA,NA,NA,NA,NA
20260704_125111,v0.1.17,Full Batch,Spiky_Maintenance_Dummy_96well_CalciumFlux_1000tp.csv,37,38,D01,D01,D01,Failed,Failed,Baseline_Anchor_Detection,Phase5_Baseline_Anchor_Validation_Failed,Baseline_Anchor_Detection,Anchor 1 was not close enough to the local baseline/minimum region.,NA,NA,1000,NA,Polynomial_Anchor_Based,Failed,Not_Started,Not_Started,NA,0,C:/Spiky_Output/Public_Dummy_Example\Tables\D01_Phase3_FirstSpiky_PeakAnalysis.csv,NA,NA,NA,NA,NA,NA
20260704_125111,v0.1.17,Full Batch,Spiky_Maintenance_Dummy_96well_CalciumFlux_1000tp.csv,38,39,D02,D02,D02,Failed,Failed,Baseline_Anchor_Detection,Phase5_Baseline_Anchor_Validation_Failed,Baseline_Anchor_Detection,Anchor 1 was not close enough to the local baseline/minimum region.,NA,NA,1000,NA,Polynomial_Anchor_Based,Failed,Not_Started,Not_Started,NA,0,C:/Spiky_Output/Public_Dummy_Example\Tables\D02_Phase3_FirstSpiky_PeakAnalysis.csv,NA,NA,NA,NA,NA,NA
20260704_125111,v0.1.17,Full Batch,Spiky_Maintenance_Dummy_96well_CalciumFlux_1000tp.csv,39,40,D03,D03,D03,Failed,Failed,Baseline_Anchor_Detection,Phase5_Baseline_Anchor_Validation_Failed,Baseline_Anchor_Detection,Anchor 1 was not close enough to the local baseline/minimum region.,NA,NA,1000,NA,Polynomial_Anchor_Based,Failed,Not_Started,Not_Started,NA,0,C:/Spiky_Output/Public_Dummy_Example\Tables\D03_Phase3_FirstSpiky_PeakAnalysis.csv,NA,NA,NA,NA,NA,NA
20260704_125111,v0.1.17,Full Batch,Spiky_Maintenance_Dummy_96well_CalciumFlux_1000tp.csv,40,41,D04,D04,D04,Failed,Failed,Baseline_Anchor_Detection,Phase5_Baseline_Anchor_Validation_Failed,Baseline_Anchor_Detection,Anchor 1 was not close enough to the local baseline/minimum region.,NA,NA,1000,NA,Polynomial_Anchor_Based,Failed,Not_Started,Not_Started,NA,0,C:/Spiky_Output/Public_Dummy_Example\Tables\D04_Phase3_FirstSpiky_PeakAnalysis.csv,NA,NA,NA,NA,NA,NA
20260704_125111,v0.1.17,Full Batch,Spiky_Maintenance_Dummy_96well_CalciumFlux_1000tp.csv,41,42,D05,D05,D05,Warning,Phase11_Window_Cleanup_Completed,Final_Peak_Detection,Phase11_Window_Cleanup_Completed,NA,NA,NA,Baseline_HighRisk Baseline_Correction_Warning Endpoint_Warning Final_Peak_Export_Warning,1000,1000,Polynomial_Anchor_Based,Success,Performed,Success,1,1,C:/Spiky_Output/Public_Dummy_Example\Tables\D05_Phase3_FirstSpiky_PeakAnalysis.csv,C:/Spiky_Output/Public_Dummy_Example\Tables\D05_Phase5_BaselineAnchors.csv,C:/Spiky_Output/Public_Dummy_Example\Tables\D05_Phase6_Baseline_Fit_Diagnostics.csv,C:/Spiky_Output/Public_Dummy_Example\Tables\D05_Phase7_Corrected_Trace.csv,C:/Spiky_Output/Public_Dummy_Example\Plots\D05_Baseline_Reconstruction.png,C:/Spiky_Output/Public_Dummy_Example\Tables\D05_Peak_Analysis_After_Baseline_Correction.csv,C:/Spiky_Output/Public_Dummy_Example\Plots\D05_Final_Peak_Analysis.png
20260704_125111,v0.1.17,Full Batch,Spiky_Maintenance_Dummy_96well_CalciumFlux_1000tp.csv,42,43,D06,D06,D06,Warning,Phase11_Window_Cleanup_Completed,Final_Peak_Detection,Phase11_Window_Cleanup_Completed,NA,NA,NA,Baseline_HighRisk Baseline_Correction_Warning Endpoint_Warning Final_Peak_Export_Warning,1000,1000,Polynomial_Anchor_Based,Success,Performed,Success,2,2,C:/Spiky_Output/Public_Dummy_Example\Tables\D06_Phase3_FirstSpiky_PeakAnalysis.csv,C:/Spiky_Output/Public_Dummy_Example\Tables\D06_Phase5_BaselineAnchors.csv,C:/Spiky_Output/Public_Dummy_Example\Tables\D06_Phase6_Baseline_Fit_Diagnostics.csv,C:/Spiky_Output/Public_Dummy_Example\Tables\D06_Phase7_Corrected_Trace.csv,C:/Spiky_Output/Public_Dummy_Example\Plots\D06_Baseline_Reconstruction.png,C:/Spiky_Output/Public_Dummy_Example\Tables\D06_Peak_Analysis_After_Baseline_Correction.csv,C:/Spiky_Output/Public_Dummy_Example\Plots\D06_Final_Peak_Analysis.png
20260704_125111,v0.1.17,Full Batch,Spiky_Maintenance_Dummy_96well_CalciumFlux_1000tp.csv,43,44,D07,D07,D07,Failed,Failed,Baseline_Anchor_Detection,Phase5_Baseline_Anchor_Validation_Failed,Baseline_Anchor_Detection,Anchor 1 was not close enough to the local baseline/minimum region.,NA,NA,1000,NA,Polynomial_Anchor_Based,Failed,Not_Started,Not_Started,NA,0,C:/Spiky_Output/Public_Dummy_Example\Tables\D07_Phase3_FirstSpiky_PeakAnalysis.csv,NA,NA,NA,NA,NA,NA
20260704_125111,v0.1.17,Full Batch,Spiky_Maintenance_Dummy_96well_CalciumFlux_1000tp.csv,44,45,D08,D08,D08,Failed,Failed,Baseline_Anchor_Detection,Phase5_Baseline_Anchor_Validation_Failed,Baseline_Anchor_Detection,Anchor 1 was not close enough to the local baseline/minimum region.,NA,NA,1000,NA,Polynomial_Anchor_Based,Failed,Not_Started,Not_Started,NA,0,C:/Spiky_Output/Public_Dummy_Example\Tables\D08_Phase3_FirstSpiky_PeakAnalysis.csv,NA,NA,NA,NA,NA,NA
20260704_125111,v0.1.17,Full Batch,Spiky_Maintenance_Dummy_96well_CalciumFlux_1000tp.csv,45,46,D09,D09,D09,Failed,Failed,Baseline_Correction,Phase6_Polynomial_Baseline_Fit_Failed,Baseline_Correction,Phase 6 fitted baseline value was zero or negative at original time-point row 945.,NA,Baseline_Correction_Warning,1000,NA,Polynomial_Anchor_Based,Failed,Not_Started,Not_Started,NA,0,C:/Spiky_Output/Public_Dummy_Example\Tables\D09_Phase3_FirstSpiky_PeakAnalysis.csv,C:/Spiky_Output/Public_Dummy_Example\Tables\D09_Phase5_BaselineAnchors.csv,C:/Spiky_Output/Public_Dummy_Example\Tables\D09_Phase6_Baseline_Fit_Diagnostics.csv,NA,NA,NA,NA
20260704_125111,v0.1.17,Full Batch,Spiky_Maintenance_Dummy_96well_CalciumFlux_1000tp.csv,46,47,D10,D10,D10,Warning,Phase11_Window_Cleanup_Completed,Final_Peak_Detection,Phase11_Window_Cleanup_Completed,NA,NA,NA,Baseline_Warning Baseline_Correction_Warning Endpoint_Warning Final_Peak_Export_Warning,1000,1000,Polynomial_Anchor_Based,Success,Performed,Success,5,5,C:/Spiky_Output/Public_Dummy_Example\Tables\D10_Phase3_FirstSpiky_PeakAnalysis.csv,C:/Spiky_Output/Public_Dummy_Example\Tables\D10_Phase5_BaselineAnchors.csv,C:/Spiky_Output/Public_Dummy_Example\Tables\D10_Phase6_Baseline_Fit_Diagnostics.csv,C:/Spiky_Output/Public_Dummy_Example\Tables\D10_Phase7_Corrected_Trace.csv,C:/Spiky_Output/Public_Dummy_Example\Plots\D10_Baseline_Reconstruction.png,C:/Spiky_Output/Public_Dummy_Example\Tables\D10_Peak_Analysis_After_Baseline_Correction.csv,C:/Spiky_Output/Public_Dummy_Example\Plots\D10_Final_Peak_Analysis.png
20260704_125111,v0.1.17,Full Batch,Spiky_Maintenance_Dummy_96well_CalciumFlux_1000tp.csv,47,48,D11,D11,D11,Failed,Failed,Baseline_Anchor_Detection,Phase5_Baseline_Anchor_Validation_Failed,Baseline_Anchor_Detection,Anchor 1 was not close enough to the local baseline/minimum region.,NA,NA,1000,NA,Polynomial_Anchor_Based,Failed,Not_Started,Not_Started,NA,0,C:/Spiky_Output/Public_Dummy_Example\Tables\D11_Phase3_FirstSpiky_PeakAnalysis.csv,NA,NA,NA,NA,NA,NA
20260704_125111,v0.1.17,Full Batch,Spiky_Maintenance_Dummy_96well_CalciumFlux_1000tp.csv,48,49,D12,D12,D12,Failed,Failed,Baseline_Anchor_Detection,Phase5_Baseline_Anchor_Validation_Failed,Baseline_Anchor_Detection,Anchor 1 was not close enough to the local baseline/minimum region.,NA,NA,1000,NA,Polynomial_Anchor_Based,Failed,Not_Started,Not_Started,NA,0,C:/Spiky_Output/Public_Dummy_Example\Tables\D12_Phase3_FirstSpiky_PeakAnalysis.csv,NA,NA,NA,NA,NA,NA
20260704_125111,v0.1.17,Full Batch,Spiky_Maintenance_Dummy_96well_CalciumFlux_1000tp.csv,49,50,E01,E01,E01,Warning,Phase11_Window_Cleanup_Completed,Final_Peak_Detection,Phase11_Window_Cleanup_Completed,NA,NA,NA,Baseline_Warning Baseline_Correction_Warning Endpoint_Warning Final_Peak_Export_Warning,1000,1000,Polynomial_Anchor_Based,Success,Performed,Success,10,10,C:/Spiky_Output/Public_Dummy_Example\Tables\E01_Phase3_FirstSpiky_PeakAnalysis.csv,C:/Spiky_Output/Public_Dummy_Example\Tables\E01_Phase5_BaselineAnchors.csv,C:/Spiky_Output/Public_Dummy_Example\Tables\E01_Phase6_Baseline_Fit_Diagnostics.csv,C:/Spiky_Output/Public_Dummy_Example\Tables\E01_Phase7_Corrected_Trace.csv,C:/Spiky_Output/Public_Dummy_Example\Plots\E01_Baseline_Reconstruction.png,C:/Spiky_Output/Public_Dummy_Example\Tables\E01_Peak_Analysis_After_Baseline_Correction.csv,C:/Spiky_Output/Public_Dummy_Example\Plots\E01_Final_Peak_Analysis.png
20260704_125111,v0.1.17,Full Batch,Spiky_Maintenance_Dummy_96well_CalciumFlux_1000tp.csv,50,51,E02,E02,E02,Warning,Phase11_Window_Cleanup_Completed,Final_Peak_Detection,Phase11_Window_Cleanup_Completed,NA,NA,NA,Baseline_Warning Baseline_Correction_Warning Endpoint_Warning Final_Peak_Export_Warning,1000,1000,Polynomial_Anchor_Based,Success,Performed,Success,10,10,C:/Spiky_Output/Public_Dummy_Example\Tables\E02_Phase3_FirstSpiky_PeakAnalysis.csv,C:/Spiky_Output/Public_Dummy_Example\Tables\E02_Phase5_BaselineAnchors.csv,C:/Spiky_Output/Public_Dummy_Example\Tables\E02_Phase6_Baseline_Fit_Diagnostics.csv,C:/Spiky_Output/Public_Dummy_Example\Tables\E02_Phase7_Corrected_Trace.csv,C:/Spiky_Output/Public_Dummy_Example\Plots\E02_Baseline_Reconstruction.png,C:/Spiky_Output/Public_Dummy_Example\Tables\E02_Peak_Analysis_After_Baseline_Correction.csv,C:/Spiky_Output/Public_Dummy_Example\Plots\E02_Final_Peak_Analysis.png
20260704_125111,v0.1.17,Full Batch,Spiky_Maintenance_Dummy_96well_CalciumFlux_1000tp.csv,51,52,E03,E03,E03,Warning,Phase11_Window_Cleanup_Completed,Final_Peak_Detection,Phase11_Window_Cleanup_Completed,NA,NA,NA,Baseline_Warning Baseline_Correction_Warning Endpoint_Warning Final_Peak_Export_Warning,1000,1000,Polynomial_Anchor_Based,Success,Performed,Success,10,10,C:/Spiky_Output/Public_Dummy_Example\Tables\E03_Phase3_FirstSpiky_PeakAnalysis.csv,C:/Spiky_Output/Public_Dummy_Example\Tables\E03_Phase5_BaselineAnchors.csv,C:/Spiky_Output/Public_Dummy_Example\Tables\E03_Phase6_Baseline_Fit_Diagnostics.csv,C:/Spiky_Output/Public_Dummy_Example\Tables\E03_Phase7_Corrected_Trace.csv,C:/Spiky_Output/Public_Dummy_Example\Plots\E03_Baseline_Reconstruction.png,C:/Spiky_Output/Public_Dummy_Example\Tables\E03_Peak_Analysis_After_Baseline_Correction.csv,C:/Spiky_Output/Public_Dummy_Example\Plots\E03_Final_Peak_Analysis.png
20260704_125111,v0.1.17,Full Batch,Spiky_Maintenance_Dummy_96well_CalciumFlux_1000tp.csv,52,53,E04,E04,E04,Warning,Phase11_Window_Cleanup_Completed,Final_Peak_Detection,Phase11_Window_Cleanup_Completed,NA,NA,NA,Baseline_Warning Baseline_Correction_Warning Endpoint_Warning Final_Peak_Export_Warning,1000,1000,Polynomial_Anchor_Based,Success,Performed,Success,10,10,C:/Spiky_Output/Public_Dummy_Example\Tables\E04_Phase3_FirstSpiky_PeakAnalysis.csv,C:/Spiky_Output/Public_Dummy_Example\Tables\E04_Phase5_BaselineAnchors.csv,C:/Spiky_Output/Public_Dummy_Example\Tables\E04_Phase6_Baseline_Fit_Diagnostics.csv,C:/Spiky_Output/Public_Dummy_Example\Tables\E04_Phase7_Corrected_Trace.csv,C:/Spiky_Output/Public_Dummy_Example\Plots\E04_Baseline_Reconstruction.png,C:/Spiky_Output/Public_Dummy_Example\Tables\E04_Peak_Analysis_After_Baseline_Correction.csv,C:/Spiky_Output/Public_Dummy_Example\Plots\E04_Final_Peak_Analysis.png
20260704_125111,v0.1.17,Full Batch,Spiky_Maintenance_Dummy_96well_CalciumFlux_1000tp.csv,53,54,E05,E05,E05,Warning,Phase11_Window_Cleanup_Completed,Final_Peak_Detection,Phase11_Window_Cleanup_Completed,NA,NA,NA,Baseline_Warning Baseline_Correction_Warning Endpoint_Warning Final_Peak_Export_Warning,1000,1000,Polynomial_Anchor_Based,Success,Performed,Success,10,10,C:/Spiky_Output/Public_Dummy_Example\Tables\E05_Phase3_FirstSpiky_PeakAnalysis.csv,C:/Spiky_Output/Public_Dummy_Example\Tables\E05_Phase5_BaselineAnchors.csv,C:/Spiky_Output/Public_Dummy_Example\Tables\E05_Phase6_Baseline_Fit_Diagnostics.csv,C:/Spiky_Output/Public_Dummy_Example\Tables\E05_Phase7_Corrected_Trace.csv,C:/Spiky_Output/Public_Dummy_Example\Plots\E05_Baseline_Reconstruction.png,C:/Spiky_Output/Public_Dummy_Example\Tables\E05_Peak_Analysis_After_Baseline_Correction.csv,C:/Spiky_Output/Public_Dummy_Example\Plots\E05_Final_Peak_Analysis.png
20260704_125111,v0.1.17,Full Batch,Spiky_Maintenance_Dummy_96well_CalciumFlux_1000tp.csv,54,55,E06,E06,E06,Warning,Phase11_Window_Cleanup_Completed,Final_Peak_Detection,Phase11_Window_Cleanup_Completed,NA,NA,NA,Baseline_Warning Baseline_Correction_Warning Endpoint_Warning Final_Peak_Export_Warning,1000,1000,Polynomial_Anchor_Based,Success,Performed,Success,10,10,C:/Spiky_Output/Public_Dummy_Example\Tables\E06_Phase3_FirstSpiky_PeakAnalysis.csv,C:/Spiky_Output/Public_Dummy_Example\Tables\E06_Phase5_BaselineAnchors.csv,C:/Spiky_Output/Public_Dummy_Example\Tables\E06_Phase6_Baseline_Fit_Diagnostics.csv,C:/Spiky_Output/Public_Dummy_Example\Tables\E06_Phase7_Corrected_Trace.csv,C:/Spiky_Output/Public_Dummy_Example\Plots\E06_Baseline_Reconstruction.png,C:/Spiky_Output/Public_Dummy_Example\Tables\E06_Peak_Analysis_After_Baseline_Correction.csv,C:/Spiky_Output/Public_Dummy_Example\Plots\E06_Final_Peak_Analysis.png
20260704_125111,v0.1.17,Full Batch,Spiky_Maintenance_Dummy_96well_CalciumFlux_1000tp.csv,55,56,E07,E07,E07,Failed,Failed,Baseline_Correction,Phase6_Polynomial_Baseline_Fit_Failed,Baseline_Correction,Phase 6 maximum absolute anchor percent residual 10.980819117% exceeded failure threshold 10%.,NA,Baseline_Correction_Warning,1000,NA,Polynomial_Anchor_Based,Failed,Not_Started,Not_Started,NA,0,C:/Spiky_Output/Public_Dummy_Example\Tables\E07_Phase3_FirstSpiky_PeakAnalysis.csv,C:/Spiky_Output/Public_Dummy_Example\Tables\E07_Phase5_BaselineAnchors.csv,C:/Spiky_Output/Public_Dummy_Example\Tables\E07_Phase6_Baseline_Fit_Diagnostics.csv,NA,NA,NA,NA
20260704_125111,v0.1.17,Full Batch,Spiky_Maintenance_Dummy_96well_CalciumFlux_1000tp.csv,56,57,E08,E08,E08,Warning,Phase11_Window_Cleanup_Completed,Final_Peak_Detection,Phase11_Window_Cleanup_Completed,NA,NA,NA,Baseline_Warning Baseline_Correction_Warning Endpoint_Warning Final_Peak_Export_Warning,1000,1000,Polynomial_Anchor_Based,Success,Performed,Success,11,11,C:/Spiky_Output/Public_Dummy_Example\Tables\E08_Phase3_FirstSpiky_PeakAnalysis.csv,C:/Spiky_Output/Public_Dummy_Example\Tables\E08_Phase5_BaselineAnchors.csv,C:/Spiky_Output/Public_Dummy_Example\Tables\E08_Phase6_Baseline_Fit_Diagnostics.csv,C:/Spiky_Output/Public_Dummy_Example\Tables\E08_Phase7_Corrected_Trace.csv,C:/Spiky_Output/Public_Dummy_Example\Plots\E08_Baseline_Reconstruction.png,C:/Spiky_Output/Public_Dummy_Example\Tables\E08_Peak_Analysis_After_Baseline_Correction.csv,C:/Spiky_Output/Public_Dummy_Example\Plots\E08_Final_Peak_Analysis.png
20260704_125111,v0.1.17,Full Batch,Spiky_Maintenance_Dummy_96well_CalciumFlux_1000tp.csv,57,58,E09,E09,E09,Warning,Phase11_Window_Cleanup_Completed,Final_Peak_Detection,Phase11_Window_Cleanup_Completed,NA,NA,NA,Baseline_Warning Baseline_Correction_Warning Endpoint_Warning Final_Peak_Export_Warning,1000,1000,Polynomial_Anchor_Based,Success,Performed,Success,10,10,C:/Spiky_Output/Public_Dummy_Example\Tables\E09_Phase3_FirstSpiky_PeakAnalysis.csv,C:/Spiky_Output/Public_Dummy_Example\Tables\E09_Phase5_BaselineAnchors.csv,C:/Spiky_Output/Public_Dummy_Example\Tables\E09_Phase6_Baseline_Fit_Diagnostics.csv,C:/Spiky_Output/Public_Dummy_Example\Tables\E09_Phase7_Corrected_Trace.csv,C:/Spiky_Output/Public_Dummy_Example\Plots\E09_Baseline_Reconstruction.png,C:/Spiky_Output/Public_Dummy_Example\Tables\E09_Peak_Analysis_After_Baseline_Correction.csv,C:/Spiky_Output/Public_Dummy_Example\Plots\E09_Final_Peak_Analysis.png
20260704_125111,v0.1.17,Full Batch,Spiky_Maintenance_Dummy_96well_CalciumFlux_1000tp.csv,58,59,E10,E10,E10,Failed,Failed,Baseline_Correction,Phase6_Polynomial_Baseline_Fit_Failed,Baseline_Correction,Phase 6 maximum absolute anchor percent residual 14.212763223% exceeded failure threshold 10%.,NA,Baseline_Correction_Warning,1000,NA,Polynomial_Anchor_Based,Failed,Not_Started,Not_Started,NA,0,C:/Spiky_Output/Public_Dummy_Example\Tables\E10_Phase3_FirstSpiky_PeakAnalysis.csv,C:/Spiky_Output/Public_Dummy_Example\Tables\E10_Phase5_BaselineAnchors.csv,C:/Spiky_Output/Public_Dummy_Example\Tables\E10_Phase6_Baseline_Fit_Diagnostics.csv,NA,NA,NA,NA
20260704_125111,v0.1.17,Full Batch,Spiky_Maintenance_Dummy_96well_CalciumFlux_1000tp.csv,59,60,E11,E11,E11,Warning,Phase11_Window_Cleanup_Completed,Final_Peak_Detection,Phase11_Window_Cleanup_Completed,NA,NA,NA,Baseline_Warning Baseline_Correction_Warning Endpoint_Warning Final_Peak_Export_Warning,1000,1000,Polynomial_Anchor_Based,Success,Performed,Success,10,10,C:/Spiky_Output/Public_Dummy_Example\Tables\E11_Phase3_FirstSpiky_PeakAnalysis.csv,C:/Spiky_Output/Public_Dummy_Example\Tables\E11_Phase5_BaselineAnchors.csv,C:/Spiky_Output/Public_Dummy_Example\Tables\E11_Phase6_Baseline_Fit_Diagnostics.csv,C:/Spiky_Output/Public_Dummy_Example\Tables\E11_Phase7_Corrected_Trace.csv,C:/Spiky_Output/Public_Dummy_Example\Plots\E11_Baseline_Reconstruction.png,C:/Spiky_Output/Public_Dummy_Example\Tables\E11_Peak_Analysis_After_Baseline_Correction.csv,C:/Spiky_Output/Public_Dummy_Example\Plots\E11_Final_Peak_Analysis.png
20260704_125111,v0.1.17,Full Batch,Spiky_Maintenance_Dummy_96well_CalciumFlux_1000tp.csv,60,61,E12,E12,E12,Warning,Phase11_Window_Cleanup_Completed,Final_Peak_Detection,Phase11_Window_Cleanup_Completed,NA,NA,NA,Baseline_Warning Baseline_Correction_Warning Endpoint_Warning Final_Peak_Export_Warning,1000,1000,Polynomial_Anchor_Based,Success,Performed,Success,14,14,C:/Spiky_Output/Public_Dummy_Example\Tables\E12_Phase3_FirstSpiky_PeakAnalysis.csv,C:/Spiky_Output/Public_Dummy_Example\Tables\E12_Phase5_BaselineAnchors.csv,C:/Spiky_Output/Public_Dummy_Example\Tables\E12_Phase6_Baseline_Fit_Diagnostics.csv,C:/Spiky_Output/Public_Dummy_Example\Tables\E12_Phase7_Corrected_Trace.csv,C:/Spiky_Output/Public_Dummy_Example\Plots\E12_Baseline_Reconstruction.png,C:/Spiky_Output/Public_Dummy_Example\Tables\E12_Peak_Analysis_After_Baseline_Correction.csv,C:/Spiky_Output/Public_Dummy_Example\Plots\E12_Final_Peak_Analysis.png
20260704_125111,v0.1.17,Full Batch,Spiky_Maintenance_Dummy_96well_CalciumFlux_1000tp.csv,61,62,F01,F01,F01,Warning,Phase11_Window_Cleanup_Completed,Final_Peak_Detection,Phase11_Window_Cleanup_Completed,NA,NA,NA,Baseline_Warning Baseline_Correction_Warning Endpoint_Warning Final_Peak_Export_Warning,1000,1000,Polynomial_Anchor_Based,Success,Performed,Success,10,10,C:/Spiky_Output/Public_Dummy_Example\Tables\F01_Phase3_FirstSpiky_PeakAnalysis.csv,C:/Spiky_Output/Public_Dummy_Example\Tables\F01_Phase5_BaselineAnchors.csv,C:/Spiky_Output/Public_Dummy_Example\Tables\F01_Phase6_Baseline_Fit_Diagnostics.csv,C:/Spiky_Output/Public_Dummy_Example\Tables\F01_Phase7_Corrected_Trace.csv,C:/Spiky_Output/Public_Dummy_Example\Plots\F01_Baseline_Reconstruction.png,C:/Spiky_Output/Public_Dummy_Example\Tables\F01_Peak_Analysis_After_Baseline_Correction.csv,C:/Spiky_Output/Public_Dummy_Example\Plots\F01_Final_Peak_Analysis.png
20260704_125111,v0.1.17,Full Batch,Spiky_Maintenance_Dummy_96well_CalciumFlux_1000tp.csv,62,63,F02,F02,F02,Warning,Phase11_Window_Cleanup_Completed,Final_Peak_Detection,Phase11_Window_Cleanup_Completed,NA,NA,NA,Baseline_HighRisk Baseline_Correction_Warning Endpoint_Warning Final_Peak_Export_Warning,1000,1000,Polynomial_Anchor_Based,Success,Performed,Success,1,1,C:/Spiky_Output/Public_Dummy_Example\Tables\F02_Phase3_FirstSpiky_PeakAnalysis.csv,C:/Spiky_Output/Public_Dummy_Example\Tables\F02_Phase5_BaselineAnchors.csv,C:/Spiky_Output/Public_Dummy_Example\Tables\F02_Phase6_Baseline_Fit_Diagnostics.csv,C:/Spiky_Output/Public_Dummy_Example\Tables\F02_Phase7_Corrected_Trace.csv,C:/Spiky_Output/Public_Dummy_Example\Plots\F02_Baseline_Reconstruction.png,C:/Spiky_Output/Public_Dummy_Example\Tables\F02_Peak_Analysis_After_Baseline_Correction.csv,C:/Spiky_Output/Public_Dummy_Example\Plots\F02_Final_Peak_Analysis.png
20260704_125111,v0.1.17,Full Batch,Spiky_Maintenance_Dummy_96well_CalciumFlux_1000tp.csv,63,64,F03,F03,F03,Warning,Phase11_Window_Cleanup_Completed,Final_Peak_Detection,Phase11_Window_Cleanup_Completed,NA,NA,NA,Baseline_Warning Baseline_Correction_Warning Endpoint_Warning Final_Peak_Export_Warning,1000,1000,Polynomial_Anchor_Based,Success,Performed,Success,7,7,C:/Spiky_Output/Public_Dummy_Example\Tables\F03_Phase3_FirstSpiky_PeakAnalysis.csv,C:/Spiky_Output/Public_Dummy_Example\Tables\F03_Phase5_BaselineAnchors.csv,C:/Spiky_Output/Public_Dummy_Example\Tables\F03_Phase6_Baseline_Fit_Diagnostics.csv,C:/Spiky_Output/Public_Dummy_Example\Tables\F03_Phase7_Corrected_Trace.csv,C:/Spiky_Output/Public_Dummy_Example\Plots\F03_Baseline_Reconstruction.png,C:/Spiky_Output/Public_Dummy_Example\Tables\F03_Peak_Analysis_After_Baseline_Correction.csv,C:/Spiky_Output/Public_Dummy_Example\Plots\F03_Final_Peak_Analysis.png
20260704_125111,v0.1.17,Full Batch,Spiky_Maintenance_Dummy_96well_CalciumFlux_1000tp.csv,64,65,F04,F04,F04,Warning,Phase11_Window_Cleanup_Completed,Final_Peak_Detection,Phase11_Window_Cleanup_Completed,NA,NA,NA,Baseline_Warning Baseline_Correction_Warning Endpoint_Warning Final_Peak_Export_Warning,1000,1000,Polynomial_Anchor_Based,Success,Performed,Success,10,10,C:/Spiky_Output/Public_Dummy_Example\Tables\F04_Phase3_FirstSpiky_PeakAnalysis.csv,C:/Spiky_Output/Public_Dummy_Example\Tables\F04_Phase5_BaselineAnchors.csv,C:/Spiky_Output/Public_Dummy_Example\Tables\F04_Phase6_Baseline_Fit_Diagnostics.csv,C:/Spiky_Output/Public_Dummy_Example\Tables\F04_Phase7_Corrected_Trace.csv,C:/Spiky_Output/Public_Dummy_Example\Plots\F04_Baseline_Reconstruction.png,C:/Spiky_Output/Public_Dummy_Example\Tables\F04_Peak_Analysis_After_Baseline_Correction.csv,C:/Spiky_Output/Public_Dummy_Example\Plots\F04_Final_Peak_Analysis.png
20260704_125111,v0.1.17,Full Batch,Spiky_Maintenance_Dummy_96well_CalciumFlux_1000tp.csv,65,66,F05,F05,F05,Warning,Phase11_Window_Cleanup_Completed,Final_Peak_Detection,Phase11_Window_Cleanup_Completed,NA,NA,NA,Baseline_Warning Baseline_Correction_Warning Endpoint_Warning Final_Peak_Export_Warning,1000,1000,Polynomial_Anchor_Based,Success,Performed,Success,4,4,C:/Spiky_Output/Public_Dummy_Example\Tables\F05_Phase3_FirstSpiky_PeakAnalysis.csv,C:/Spiky_Output/Public_Dummy_Example\Tables\F05_Phase5_BaselineAnchors.csv,C:/Spiky_Output/Public_Dummy_Example\Tables\F05_Phase6_Baseline_Fit_Diagnostics.csv,C:/Spiky_Output/Public_Dummy_Example\Tables\F05_Phase7_Corrected_Trace.csv,C:/Spiky_Output/Public_Dummy_Example\Plots\F05_Baseline_Reconstruction.png,C:/Spiky_Output/Public_Dummy_Example\Tables\F05_Peak_Analysis_After_Baseline_Correction.csv,C:/Spiky_Output/Public_Dummy_Example\Plots\F05_Final_Peak_Analysis.png
20260704_125111,v0.1.17,Full Batch,Spiky_Maintenance_Dummy_96well_CalciumFlux_1000tp.csv,66,67,F06,F06,F06,Warning,Phase11_Window_Cleanup_Completed,Final_Peak_Detection,Phase11_Window_Cleanup_Completed,NA,NA,NA,Baseline_Warning Baseline_Correction_Warning Endpoint_Warning Final_Peak_Export_Warning,1000,1000,Polynomial_Anchor_Based,Success,Performed,Success,19,19,C:/Spiky_Output/Public_Dummy_Example\Tables\F06_Phase3_FirstSpiky_PeakAnalysis.csv,C:/Spiky_Output/Public_Dummy_Example\Tables\F06_Phase5_BaselineAnchors.csv,C:/Spiky_Output/Public_Dummy_Example\Tables\F06_Phase6_Baseline_Fit_Diagnostics.csv,C:/Spiky_Output/Public_Dummy_Example\Tables\F06_Phase7_Corrected_Trace.csv,C:/Spiky_Output/Public_Dummy_Example\Plots\F06_Baseline_Reconstruction.png,C:/Spiky_Output/Public_Dummy_Example\Tables\F06_Peak_Analysis_After_Baseline_Correction.csv,C:/Spiky_Output/Public_Dummy_Example\Plots\F06_Final_Peak_Analysis.png
20260704_125111,v0.1.17,Full Batch,Spiky_Maintenance_Dummy_96well_CalciumFlux_1000tp.csv,67,68,F07,F07,F07,Failed,Failed,Baseline_Anchor_Detection,Phase5_Baseline_Anchor_Validation_Failed,Baseline_Anchor_Detection,Anchor 1 was not close enough to the local baseline/minimum region.,NA,NA,1000,NA,Polynomial_Anchor_Based,Failed,Not_Started,Not_Started,NA,0,C:/Spiky_Output/Public_Dummy_Example\Tables\F07_Phase3_FirstSpiky_PeakAnalysis.csv,NA,NA,NA,NA,NA,NA
20260704_125111,v0.1.17,Full Batch,Spiky_Maintenance_Dummy_96well_CalciumFlux_1000tp.csv,68,69,F08,F08,F08,Failed,Failed,Baseline_Correction,Phase6_Polynomial_Baseline_Fit_Failed,Baseline_Correction,Phase 6 maximum absolute anchor percent residual 124.46673644% exceeded failure threshold 10%.,NA,Baseline_Correction_Warning,1000,NA,Polynomial_Anchor_Based,Failed,Not_Started,Not_Started,NA,0,C:/Spiky_Output/Public_Dummy_Example\Tables\F08_Phase3_FirstSpiky_PeakAnalysis.csv,C:/Spiky_Output/Public_Dummy_Example\Tables\F08_Phase5_BaselineAnchors.csv,C:/Spiky_Output/Public_Dummy_Example\Tables\F08_Phase6_Baseline_Fit_Diagnostics.csv,NA,NA,NA,NA
20260704_125111,v0.1.17,Full Batch,Spiky_Maintenance_Dummy_96well_CalciumFlux_1000tp.csv,69,70,F09,F09,F09,Failed,Failed,Baseline_Anchor_Detection,Phase5_Baseline_Anchor_Validation_Failed,Baseline_Anchor_Detection,Anchor 5 was not close enough to the local baseline/minimum region.,NA,NA,1000,NA,Polynomial_Anchor_Based,Failed,Not_Started,Not_Started,NA,0,C:/Spiky_Output/Public_Dummy_Example\Tables\F09_Phase3_FirstSpiky_PeakAnalysis.csv,NA,NA,NA,NA,NA,NA
20260704_125111,v0.1.17,Full Batch,Spiky_Maintenance_Dummy_96well_CalciumFlux_1000tp.csv,70,71,F10,F10,F10,Warning,Phase11_Window_Cleanup_Completed,Final_Peak_Detection,Phase11_Window_Cleanup_Completed,NA,NA,NA,Baseline_HighRisk Baseline_Correction_Warning Endpoint_Warning Final_Peak_Export_Warning,1000,1000,Polynomial_Anchor_Based,Success,Performed,Success,1,1,C:/Spiky_Output/Public_Dummy_Example\Tables\F10_Phase3_FirstSpiky_PeakAnalysis.csv,C:/Spiky_Output/Public_Dummy_Example\Tables\F10_Phase5_BaselineAnchors.csv,C:/Spiky_Output/Public_Dummy_Example\Tables\F10_Phase6_Baseline_Fit_Diagnostics.csv,C:/Spiky_Output/Public_Dummy_Example\Tables\F10_Phase7_Corrected_Trace.csv,C:/Spiky_Output/Public_Dummy_Example\Plots\F10_Baseline_Reconstruction.png,C:/Spiky_Output/Public_Dummy_Example\Tables\F10_Peak_Analysis_After_Baseline_Correction.csv,C:/Spiky_Output/Public_Dummy_Example\Plots\F10_Final_Peak_Analysis.png
20260704_125111,v0.1.17,Full Batch,Spiky_Maintenance_Dummy_96well_CalciumFlux_1000tp.csv,71,72,F11,F11,F11,Failed,Failed,Baseline_Anchor_Detection,Phase5_No_Raw_Peaks_Detected,Baseline_Anchor_Detection,No raw peaks detected. Raw-only QC artifacts were exported when possible: C:/Spiky_Output/Public_Dummy_Example\Plots\F11_raw_trace.png | C:/Spiky_Output/Public_Dummy_Example\Tables\F11_raw_values.csv Expected peak-analysis table was not found: F11_Raw_BaselineDetection_Input-Peak analysis Direct Spiky file execution attempted: runMacro(Spiky.ijm path SPIKY.Batch.PeakAnalysisOrientation;SPIKY.Batch.SourceWindow); selected Spiky path: C:/Spiky_Project/Spiky.ijm; selected batch orientation: Auto Open windows after Spiky: Spiky_Maintenance_Dummy_96well_CalciumFlux_1000tp.csv | Log First Spiky fallback ladder status: selected tolerance=15; final tolerance used=5; fallback used=Yes; failed attempts=15 10 7.5 5; reason=No_Raw_Peaks; passed only after fallback=No,NA,NA,1000,NA,Polynomial_Anchor_Based,Failed,Not_Started,Not_Started,NA,0,NA,NA,NA,NA,NA,NA,NA
20260704_125111,v0.1.17,Full Batch,Spiky_Maintenance_Dummy_96well_CalciumFlux_1000tp.csv,72,73,F12,F12,F12,Failed,Failed,Baseline_Anchor_Detection,Phase5_Baseline_Anchor_Validation_Failed,Baseline_Anchor_Detection,Anchor 1 was not close enough to the local baseline/minimum region.,NA,NA,1000,NA,Polynomial_Anchor_Based,Failed,Not_Started,Not_Started,NA,0,C:/Spiky_Output/Public_Dummy_Example\Tables\F12_Phase3_FirstSpiky_PeakAnalysis.csv,NA,NA,NA,NA,NA,NA
20260704_125111,v0.1.17,Full Batch,Spiky_Maintenance_Dummy_96well_CalciumFlux_1000tp.csv,73,74,G01,G01,G01,Warning,Phase11_Window_Cleanup_Completed,Final_Peak_Detection,Phase11_Window_Cleanup_Completed,NA,NA,NA,Baseline_Warning Baseline_Correction_Warning Endpoint_Warning Final_Peak_Export_Warning,1000,1000,Polynomial_Anchor_Based,Success,Performed,Success,12,12,C:/Spiky_Output/Public_Dummy_Example\Tables\G01_Phase3_FirstSpiky_PeakAnalysis.csv,C:/Spiky_Output/Public_Dummy_Example\Tables\G01_Phase5_BaselineAnchors.csv,C:/Spiky_Output/Public_Dummy_Example\Tables\G01_Phase6_Baseline_Fit_Diagnostics.csv,C:/Spiky_Output/Public_Dummy_Example\Tables\G01_Phase7_Corrected_Trace.csv,C:/Spiky_Output/Public_Dummy_Example\Plots\G01_Baseline_Reconstruction.png,C:/Spiky_Output/Public_Dummy_Example\Tables\G01_Peak_Analysis_After_Baseline_Correction.csv,C:/Spiky_Output/Public_Dummy_Example\Plots\G01_Final_Peak_Analysis.png
20260704_125111,v0.1.17,Full Batch,Spiky_Maintenance_Dummy_96well_CalciumFlux_1000tp.csv,74,75,G02,G02,G02,Warning,Phase11_Window_Cleanup_Completed,Final_Peak_Detection,Phase11_Window_Cleanup_Completed,NA,NA,NA,Baseline_Warning Baseline_Correction_Warning Endpoint_Warning Final_Peak_Export_Warning,1000,1000,Polynomial_Anchor_Based,Success,Performed,Success,10,10,C:/Spiky_Output/Public_Dummy_Example\Tables\G02_Phase3_FirstSpiky_PeakAnalysis.csv,C:/Spiky_Output/Public_Dummy_Example\Tables\G02_Phase5_BaselineAnchors.csv,C:/Spiky_Output/Public_Dummy_Example\Tables\G02_Phase6_Baseline_Fit_Diagnostics.csv,C:/Spiky_Output/Public_Dummy_Example\Tables\G02_Phase7_Corrected_Trace.csv,C:/Spiky_Output/Public_Dummy_Example\Plots\G02_Baseline_Reconstruction.png,C:/Spiky_Output/Public_Dummy_Example\Tables\G02_Peak_Analysis_After_Baseline_Correction.csv,C:/Spiky_Output/Public_Dummy_Example\Plots\G02_Final_Peak_Analysis.png
20260704_125111,v0.1.17,Full Batch,Spiky_Maintenance_Dummy_96well_CalciumFlux_1000tp.csv,75,76,G03,G03,G03,Warning,Phase11_Window_Cleanup_Completed,Final_Peak_Detection,Phase11_Window_Cleanup_Completed,NA,NA,NA,Baseline_HighRisk Baseline_Correction_Warning Endpoint_Warning Final_Peak_Export_Warning,1000,1000,Polynomial_Anchor_Based,Success,Performed,Success,4,4,C:/Spiky_Output/Public_Dummy_Example\Tables\G03_Phase3_FirstSpiky_PeakAnalysis.csv,C:/Spiky_Output/Public_Dummy_Example\Tables\G03_Phase5_BaselineAnchors.csv,C:/Spiky_Output/Public_Dummy_Example\Tables\G03_Phase6_Baseline_Fit_Diagnostics.csv,C:/Spiky_Output/Public_Dummy_Example\Tables\G03_Phase7_Corrected_Trace.csv,C:/Spiky_Output/Public_Dummy_Example\Plots\G03_Baseline_Reconstruction.png,C:/Spiky_Output/Public_Dummy_Example\Tables\G03_Peak_Analysis_After_Baseline_Correction.csv,C:/Spiky_Output/Public_Dummy_Example\Plots\G03_Final_Peak_Analysis.png
20260704_125111,v0.1.17,Full Batch,Spiky_Maintenance_Dummy_96well_CalciumFlux_1000tp.csv,76,77,G04,G04,G04,Warning,Phase11_Window_Cleanup_Completed,Final_Peak_Detection,Phase11_Window_Cleanup_Completed,NA,NA,NA,Baseline_Warning Baseline_Correction_Warning Endpoint_Warning Final_Peak_Export_Warning,1000,1000,Polynomial_Anchor_Based,Success,Performed,Success,8,8,C:/Spiky_Output/Public_Dummy_Example\Tables\G04_Phase3_FirstSpiky_PeakAnalysis.csv,C:/Spiky_Output/Public_Dummy_Example\Tables\G04_Phase5_BaselineAnchors.csv,C:/Spiky_Output/Public_Dummy_Example\Tables\G04_Phase6_Baseline_Fit_Diagnostics.csv,C:/Spiky_Output/Public_Dummy_Example\Tables\G04_Phase7_Corrected_Trace.csv,C:/Spiky_Output/Public_Dummy_Example\Plots\G04_Baseline_Reconstruction.png,C:/Spiky_Output/Public_Dummy_Example\Tables\G04_Peak_Analysis_After_Baseline_Correction.csv,C:/Spiky_Output/Public_Dummy_Example\Plots\G04_Final_Peak_Analysis.png
20260704_125111,v0.1.17,Full Batch,Spiky_Maintenance_Dummy_96well_CalciumFlux_1000tp.csv,77,78,G05,G05,G05,Warning,Phase11_Window_Cleanup_Completed,Final_Peak_Detection,Phase11_Window_Cleanup_Completed,NA,NA,NA,Baseline_Warning Baseline_Correction_Warning Endpoint_Warning Final_Peak_Export_Warning,1000,1000,Polynomial_Anchor_Based,Success,Performed,Success,9,9,C:/Spiky_Output/Public_Dummy_Example\Tables\G05_Phase3_FirstSpiky_PeakAnalysis.csv,C:/Spiky_Output/Public_Dummy_Example\Tables\G05_Phase5_BaselineAnchors.csv,C:/Spiky_Output/Public_Dummy_Example\Tables\G05_Phase6_Baseline_Fit_Diagnostics.csv,C:/Spiky_Output/Public_Dummy_Example\Tables\G05_Phase7_Corrected_Trace.csv,C:/Spiky_Output/Public_Dummy_Example\Plots\G05_Baseline_Reconstruction.png,C:/Spiky_Output/Public_Dummy_Example\Tables\G05_Peak_Analysis_After_Baseline_Correction.csv,C:/Spiky_Output/Public_Dummy_Example\Plots\G05_Final_Peak_Analysis.png
20260704_125111,v0.1.17,Full Batch,Spiky_Maintenance_Dummy_96well_CalciumFlux_1000tp.csv,78,79,G06,G06,G06,Failed,Failed,Baseline_Correction,Phase6_Polynomial_Baseline_Fit_Failed,Baseline_Correction,Phase 6 maximum absolute anchor percent residual 20.003185135% exceeded failure threshold 10%.,NA,Baseline_Correction_Warning,1000,NA,Polynomial_Anchor_Based,Failed,Not_Started,Not_Started,NA,0,C:/Spiky_Output/Public_Dummy_Example\Tables\G06_Phase3_FirstSpiky_PeakAnalysis.csv,C:/Spiky_Output/Public_Dummy_Example\Tables\G06_Phase5_BaselineAnchors.csv,C:/Spiky_Output/Public_Dummy_Example\Tables\G06_Phase6_Baseline_Fit_Diagnostics.csv,NA,NA,NA,NA
20260704_125111,v0.1.17,Full Batch,Spiky_Maintenance_Dummy_96well_CalciumFlux_1000tp.csv,79,80,G07,G07,G07,Failed,Failed,Baseline_Correction,Phase6_Polynomial_Baseline_Fit_Failed,Baseline_Correction,Phase 6 maximum absolute anchor percent residual 12.054081271% exceeded failure threshold 10%.,NA,Baseline_Correction_Warning,1000,NA,Polynomial_Anchor_Based,Failed,Not_Started,Not_Started,NA,0,C:/Spiky_Output/Public_Dummy_Example\Tables\G07_Phase3_FirstSpiky_PeakAnalysis.csv,C:/Spiky_Output/Public_Dummy_Example\Tables\G07_Phase5_BaselineAnchors.csv,C:/Spiky_Output/Public_Dummy_Example\Tables\G07_Phase6_Baseline_Fit_Diagnostics.csv,NA,NA,NA,NA
20260704_125111,v0.1.17,Full Batch,Spiky_Maintenance_Dummy_96well_CalciumFlux_1000tp.csv,80,81,G08,G08,G08,Failed,Failed,Baseline_Correction,Phase6_Polynomial_Baseline_Fit_Failed,Baseline_Correction,Phase 6 fitted baseline value was zero or negative at original time-point row 1.,NA,Baseline_Correction_Warning,1000,NA,Polynomial_Anchor_Based,Failed,Not_Started,Not_Started,NA,0,C:/Spiky_Output/Public_Dummy_Example\Tables\G08_Phase3_FirstSpiky_PeakAnalysis.csv,C:/Spiky_Output/Public_Dummy_Example\Tables\G08_Phase5_BaselineAnchors.csv,C:/Spiky_Output/Public_Dummy_Example\Tables\G08_Phase6_Baseline_Fit_Diagnostics.csv,NA,NA,NA,NA
20260704_125111,v0.1.17,Full Batch,Spiky_Maintenance_Dummy_96well_CalciumFlux_1000tp.csv,81,82,G09,G09,G09,Warning,Phase11_Window_Cleanup_Completed,Final_Peak_Detection,Phase11_Window_Cleanup_Completed,NA,NA,NA,Baseline_HighRisk Baseline_Correction_Warning Endpoint_Warning Final_Peak_Export_Warning,1000,1000,Polynomial_Anchor_Based,Success,Performed,Success,10,10,C:/Spiky_Output/Public_Dummy_Example\Tables\G09_Phase3_FirstSpiky_PeakAnalysis.csv,C:/Spiky_Output/Public_Dummy_Example\Tables\G09_Phase5_BaselineAnchors.csv,C:/Spiky_Output/Public_Dummy_Example\Tables\G09_Phase6_Baseline_Fit_Diagnostics.csv,C:/Spiky_Output/Public_Dummy_Example\Tables\G09_Phase7_Corrected_Trace.csv,C:/Spiky_Output/Public_Dummy_Example\Plots\G09_Baseline_Reconstruction.png,C:/Spiky_Output/Public_Dummy_Example\Tables\G09_Peak_Analysis_After_Baseline_Correction.csv,C:/Spiky_Output/Public_Dummy_Example\Plots\G09_Final_Peak_Analysis.png
20260704_125111,v0.1.17,Full Batch,Spiky_Maintenance_Dummy_96well_CalciumFlux_1000tp.csv,82,83,G10,G10,G10,Warning,Phase11_Window_Cleanup_Completed,Final_Peak_Detection,Phase11_Window_Cleanup_Completed,NA,NA,NA,Baseline_HighRisk Baseline_Correction_Warning Endpoint_Warning Final_Peak_Export_Warning,1000,1000,Polynomial_Anchor_Based,Success,Performed,Success,1,1,C:/Spiky_Output/Public_Dummy_Example\Tables\G10_Phase3_FirstSpiky_PeakAnalysis.csv,C:/Spiky_Output/Public_Dummy_Example\Tables\G10_Phase5_BaselineAnchors.csv,C:/Spiky_Output/Public_Dummy_Example\Tables\G10_Phase6_Baseline_Fit_Diagnostics.csv,C:/Spiky_Output/Public_Dummy_Example\Tables\G10_Phase7_Corrected_Trace.csv,C:/Spiky_Output/Public_Dummy_Example\Plots\G10_Baseline_Reconstruction.png,C:/Spiky_Output/Public_Dummy_Example\Tables\G10_Peak_Analysis_After_Baseline_Correction.csv,C:/Spiky_Output/Public_Dummy_Example\Plots\G10_Final_Peak_Analysis.png
20260704_125111,v0.1.17,Full Batch,Spiky_Maintenance_Dummy_96well_CalciumFlux_1000tp.csv,83,84,G11,G11,G11,Warning,Phase11_Window_Cleanup_Completed,Final_Peak_Detection,Phase11_Window_Cleanup_Completed,NA,NA,NA,Baseline_Warning Baseline_Correction_Warning Endpoint_Warning Final_Peak_Export_Warning,1000,1000,Polynomial_Anchor_Based,Success,Performed,Success,11,11,C:/Spiky_Output/Public_Dummy_Example\Tables\G11_Phase3_FirstSpiky_PeakAnalysis.csv,C:/Spiky_Output/Public_Dummy_Example\Tables\G11_Phase5_BaselineAnchors.csv,C:/Spiky_Output/Public_Dummy_Example\Tables\G11_Phase6_Baseline_Fit_Diagnostics.csv,C:/Spiky_Output/Public_Dummy_Example\Tables\G11_Phase7_Corrected_Trace.csv,C:/Spiky_Output/Public_Dummy_Example\Plots\G11_Baseline_Reconstruction.png,C:/Spiky_Output/Public_Dummy_Example\Tables\G11_Peak_Analysis_After_Baseline_Correction.csv,C:/Spiky_Output/Public_Dummy_Example\Plots\G11_Final_Peak_Analysis.png
20260704_125111,v0.1.17,Full Batch,Spiky_Maintenance_Dummy_96well_CalciumFlux_1000tp.csv,84,85,G12,G12,G12,Failed,Failed,Baseline_Correction,Phase6_Polynomial_Baseline_Fit_Failed,Baseline_Correction,Phase 6 maximum absolute anchor percent residual 12.606693481% exceeded failure threshold 10%.,NA,Baseline_Correction_Warning,1000,NA,Polynomial_Anchor_Based,Failed,Not_Started,Not_Started,NA,0,C:/Spiky_Output/Public_Dummy_Example\Tables\G12_Phase3_FirstSpiky_PeakAnalysis.csv,C:/Spiky_Output/Public_Dummy_Example\Tables\G12_Phase5_BaselineAnchors.csv,C:/Spiky_Output/Public_Dummy_Example\Tables\G12_Phase6_Baseline_Fit_Diagnostics.csv,NA,NA,NA,NA
20260704_125111,v0.1.17,Full Batch,Spiky_Maintenance_Dummy_96well_CalciumFlux_1000tp.csv,85,86,H01,H01,H01,Failed,Failed,Baseline_Anchor_Detection,Phase5_No_Raw_Peaks_Detected,Baseline_Anchor_Detection,No raw peaks detected. Raw-only QC artifacts were exported when possible: C:/Spiky_Output/Public_Dummy_Example\Plots\H01_raw_trace.png | C:/Spiky_Output/Public_Dummy_Example\Tables\H01_raw_values.csv Expected peak-analysis table was not found: H01_Raw_BaselineDetection_Input-Peak analysis Direct Spiky file execution attempted: runMacro(Spiky.ijm path SPIKY.Batch.PeakAnalysisOrientation;SPIKY.Batch.SourceWindow); selected Spiky path: C:/Spiky_Project/Spiky.ijm; selected batch orientation: Auto Open windows after Spiky: Spiky_Maintenance_Dummy_96well_CalciumFlux_1000tp.csv | Log First Spiky fallback ladder status: selected tolerance=15; final tolerance used=5; fallback used=Yes; failed attempts=15 10 7.5 5; reason=No_Raw_Peaks; passed only after fallback=No,NA,NA,1000,NA,Polynomial_Anchor_Based,Failed,Not_Started,Not_Started,NA,0,NA,NA,NA,NA,NA,NA,NA
20260704_125111,v0.1.17,Full Batch,Spiky_Maintenance_Dummy_96well_CalciumFlux_1000tp.csv,86,87,H02,H02,H02,Failed,Failed,Baseline_Anchor_Detection,Phase5_Baseline_Anchor_Validation_Failed,Baseline_Anchor_Detection,Anchor 1 was not close enough to the local baseline/minimum region.,NA,NA,1000,NA,Polynomial_Anchor_Based,Failed,Not_Started,Not_Started,NA,0,C:/Spiky_Output/Public_Dummy_Example\Tables\H02_Phase3_FirstSpiky_PeakAnalysis.csv,NA,NA,NA,NA,NA,NA
20260704_125111,v0.1.17,Full Batch,Spiky_Maintenance_Dummy_96well_CalciumFlux_1000tp.csv,87,88,H03,H03,H03,Failed,Failed,Baseline_Correction,Phase6_Polynomial_Baseline_Fit_Failed,Baseline_Correction,Phase 6 anchor percent residual could not be computed because anchor 1 had value zero.,NA,NA,1000,NA,Polynomial_Anchor_Based,Failed,Not_Started,Not_Started,NA,0,C:/Spiky_Output/Public_Dummy_Example\Tables\H03_Phase3_FirstSpiky_PeakAnalysis.csv,C:/Spiky_Output/Public_Dummy_Example\Tables\H03_Phase5_BaselineAnchors.csv,NA,NA,NA,NA,NA
20260704_125111,v0.1.17,Full Batch,Spiky_Maintenance_Dummy_96well_CalciumFlux_1000tp.csv,88,89,H04,H04,H04,Failed,Failed,Baseline_Anchor_Detection,Phase5_No_Raw_Peaks_Detected,Baseline_Anchor_Detection,No raw peaks detected. Raw-only QC artifacts were exported when possible: C:/Spiky_Output/Public_Dummy_Example\Plots\H04_raw_trace.png | C:/Spiky_Output/Public_Dummy_Example\Tables\H04_raw_values.csv Expected peak-analysis table was not found: H04_Raw_BaselineDetection_Input-Peak analysis Direct Spiky file execution attempted: runMacro(Spiky.ijm path SPIKY.Batch.PeakAnalysisOrientation;SPIKY.Batch.SourceWindow); selected Spiky path: C:/Spiky_Project/Spiky.ijm; selected batch orientation: Auto Open windows after Spiky: Spiky_Maintenance_Dummy_96well_CalciumFlux_1000tp.csv | Log First Spiky fallback ladder status: selected tolerance=15; final tolerance used=5; fallback used=Yes; failed attempts=15 10 7.5 5; reason=No_Raw_Peaks; passed only after fallback=No,NA,NA,1000,NA,Polynomial_Anchor_Based,Failed,Not_Started,Not_Started,NA,0,NA,NA,NA,NA,NA,NA,NA
20260704_125111,v0.1.17,Full Batch,Spiky_Maintenance_Dummy_96well_CalciumFlux_1000tp.csv,89,90,H05,H05,H05,Failed,Failed,Baseline_Anchor_Detection,Phase5_No_Raw_Peaks_Detected,Baseline_Anchor_Detection,No raw peaks detected. Raw-only QC artifacts were exported when possible: C:/Spiky_Output/Public_Dummy_Example\Plots\H05_raw_trace.png | C:/Spiky_Output/Public_Dummy_Example\Tables\H05_raw_values.csv Expected peak-analysis table was not found: H05_Raw_BaselineDetection_Input-Peak analysis Direct Spiky file execution attempted: runMacro(Spiky.ijm path SPIKY.Batch.PeakAnalysisOrientation;SPIKY.Batch.SourceWindow); selected Spiky path: C:/Spiky_Project/Spiky.ijm; selected batch orientation: Auto Open windows after Spiky: Spiky_Maintenance_Dummy_96well_CalciumFlux_1000tp.csv | Log First Spiky fallback ladder status: selected tolerance=15; final tolerance used=5; fallback used=Yes; failed attempts=15 10 7.5 5; reason=No_Raw_Peaks; passed only after fallback=No,NA,NA,1000,NA,Polynomial_Anchor_Based,Failed,Not_Started,Not_Started,NA,0,NA,NA,NA,NA,NA,NA,NA
20260704_125111,v0.1.17,Full Batch,Spiky_Maintenance_Dummy_96well_CalciumFlux_1000tp.csv,90,91,H06,H06,H06,Failed,Failed,Baseline_Anchor_Detection,Phase5_No_Raw_Peaks_Detected,Baseline_Anchor_Detection,No raw peaks detected. Raw-only QC artifacts were exported when possible: C:/Spiky_Output/Public_Dummy_Example\Plots\H06_raw_trace.png | C:/Spiky_Output/Public_Dummy_Example\Tables\H06_raw_values.csv Expected peak-analysis table was not found: H06_Raw_BaselineDetection_Input-Peak analysis Direct Spiky file execution attempted: runMacro(Spiky.ijm path SPIKY.Batch.PeakAnalysisOrientation;SPIKY.Batch.SourceWindow); selected Spiky path: C:/Spiky_Project/Spiky.ijm; selected batch orientation: Auto Open windows after Spiky: Spiky_Maintenance_Dummy_96well_CalciumFlux_1000tp.csv | Log First Spiky fallback ladder status: selected tolerance=15; final tolerance used=5; fallback used=Yes; failed attempts=15 10 7.5 5; reason=No_Raw_Peaks; passed only after fallback=No,NA,NA,1000,NA,Polynomial_Anchor_Based,Failed,Not_Started,Not_Started,NA,0,NA,NA,NA,NA,NA,NA,NA
20260704_125111,v0.1.17,Full Batch,Spiky_Maintenance_Dummy_96well_CalciumFlux_1000tp.csv,91,92,H07,H07,H07,Warning,Phase11_Window_Cleanup_Completed,Final_Peak_Detection,Phase11_Window_Cleanup_Completed,NA,NA,NA,Baseline_Warning Baseline_Correction_Warning Endpoint_Warning Final_Peak_Export_Warning,1000,1000,Polynomial_Anchor_Based,Success,Performed,Success,1,1,C:/Spiky_Output/Public_Dummy_Example\Tables\H07_Phase3_FirstSpiky_PeakAnalysis.csv,C:/Spiky_Output/Public_Dummy_Example\Tables\H07_Phase5_BaselineAnchors.csv,C:/Spiky_Output/Public_Dummy_Example\Tables\H07_Phase6_Baseline_Fit_Diagnostics.csv,C:/Spiky_Output/Public_Dummy_Example\Tables\H07_Phase7_Corrected_Trace.csv,C:/Spiky_Output/Public_Dummy_Example\Plots\H07_Baseline_Reconstruction.png,C:/Spiky_Output/Public_Dummy_Example\Tables\H07_Peak_Analysis_After_Baseline_Correction.csv,C:/Spiky_Output/Public_Dummy_Example\Plots\H07_Final_Peak_Analysis.png
20260704_125111,v0.1.17,Full Batch,Spiky_Maintenance_Dummy_96well_CalciumFlux_1000tp.csv,92,93,H08,H08,H08,Failed,Failed,Baseline_Anchor_Detection,Phase5_No_Raw_Peaks_Detected,Baseline_Anchor_Detection,No raw peaks detected. Raw-only QC artifacts were exported when possible: C:/Spiky_Output/Public_Dummy_Example\Plots\H08_raw_trace.png | C:/Spiky_Output/Public_Dummy_Example\Tables\H08_raw_values.csv Expected peak-analysis table was not found: H08_Raw_BaselineDetection_Input-Peak analysis Direct Spiky file execution attempted: runMacro(Spiky.ijm path SPIKY.Batch.PeakAnalysisOrientation;SPIKY.Batch.SourceWindow); selected Spiky path: C:/Spiky_Project/Spiky.ijm; selected batch orientation: Auto Open windows after Spiky: Spiky_Maintenance_Dummy_96well_CalciumFlux_1000tp.csv | Log First Spiky fallback ladder status: selected tolerance=15; final tolerance used=5; fallback used=Yes; failed attempts=15 10 7.5 5; reason=No_Raw_Peaks; passed only after fallback=No,NA,NA,1000,NA,Polynomial_Anchor_Based,Failed,Not_Started,Not_Started,NA,0,NA,NA,NA,NA,NA,NA,NA
20260704_125111,v0.1.17,Full Batch,Spiky_Maintenance_Dummy_96well_CalciumFlux_1000tp.csv,93,94,H09,H09,H09,Failed,Failed,Baseline_Anchor_Detection,Phase5_Baseline_Anchor_Validation_Failed,Baseline_Anchor_Detection,Anchor value outside raw fluorescence range at anchor 6.,NA,NA,1000,NA,Polynomial_Anchor_Based,Failed,Not_Started,Not_Started,NA,0,C:/Spiky_Output/Public_Dummy_Example\Tables\H09_Phase3_FirstSpiky_PeakAnalysis.csv,NA,NA,NA,NA,NA,NA
20260704_125111,v0.1.17,Full Batch,Spiky_Maintenance_Dummy_96well_CalciumFlux_1000tp.csv,94,95,H10,H10,H10,Failed,Failed,Baseline_Anchor_Detection,Phase5_Baseline_Anchor_Validation_Failed,Baseline_Anchor_Detection,Anchor 3 was not close enough to the local baseline/minimum region.,NA,NA,1000,NA,Polynomial_Anchor_Based,Failed,Not_Started,Not_Started,NA,0,C:/Spiky_Output/Public_Dummy_Example\Tables\H10_Phase3_FirstSpiky_PeakAnalysis.csv,NA,NA,NA,NA,NA,NA
20260704_125111,v0.1.17,Full Batch,Spiky_Maintenance_Dummy_96well_CalciumFlux_1000tp.csv,95,96,H11,H11,H11,Failed,Failed,Baseline_Correction,Phase6_Polynomial_Baseline_Fit_Failed,Baseline_Correction,Phase 6 maximum absolute anchor percent residual 20.140244339% exceeded failure threshold 10%.,NA,Baseline_Correction_Warning,1000,NA,Polynomial_Anchor_Based,Failed,Not_Started,Not_Started,NA,0,C:/Spiky_Output/Public_Dummy_Example\Tables\H11_Phase3_FirstSpiky_PeakAnalysis.csv,C:/Spiky_Output/Public_Dummy_Example\Tables\H11_Phase5_BaselineAnchors.csv,C:/Spiky_Output/Public_Dummy_Example\Tables\H11_Phase6_Baseline_Fit_Diagnostics.csv,NA,NA,NA,NA
20260704_125111,v0.1.17,Full Batch,Spiky_Maintenance_Dummy_96well_CalciumFlux_1000tp.csv,96,97,H12,H12,H12,Warning,Phase11_Window_Cleanup_Completed,Final_Peak_Detection,Phase11_Window_Cleanup_Completed,NA,NA,NA,Baseline_HighRisk Baseline_Correction_Warning Endpoint_Warning Final_Peak_Export_Warning,1000,1000,Polynomial_Anchor_Based,Success,Performed,Success,1,1,C:/Spiky_Output/Public_Dummy_Example\Tables\H12_Phase3_FirstSpiky_PeakAnalysis.csv,C:/Spiky_Output/Public_Dummy_Example\Tables\H12_Phase5_BaselineAnchors.csv,C:/Spiky_Output/Public_Dummy_Example\Tables\H12_Phase6_Baseline_Fit_Diagnostics.csv,C:/Spiky_Output/Public_Dummy_Example\Tables\H12_Phase7_Corrected_Trace.csv,C:/Spiky_Output/Public_Dummy_Example\Plots\H12_Baseline_Reconstruction.png,C:/Spiky_Output/Public_Dummy_Example\Tables\H12_Peak_Analysis_After_Baseline_Correction.csv,C:/Spiky_Output/Public_Dummy_Example\Plots\H12_Final_Peak_Analysis.png
